store_id,chain,comp_owned,state,region,NJShore,num_callbacks,num_ft_employees,num_pt_employees,num_managers,starting_wage,months_to_first_raise,first_raise_amt,bonus,pct_affected,employee_benefit,opening_hour,hours_open,price_soda,price_fries,price_entree,num_registers,num_reg_11am,type_2nd_intvw,status_2nd_intvw,date_2nd_intvw,num_callbacks_2,num_ft_employees_2,num_pt_employees_2,num_managers_2,starting_wage_2,months_to_first_raise_2,first_raise_amt_2,special,employee_benefit_2,opening_hour_2,hours_open_2,price_soda_2,price_fries_2,price_entree_2,num_registers_2,num_reg_11am_2
369,Burger King,1,NJ,Northern NJ,0,1,0,15,4,4.35,18,0.12,0,87,reduced price meals,7,15,1.17,1.06,1.17,3,2,personal,closed (permanent),4/8/01,NA,0,0,0,NA,NA,NA,NA,NA,NA,NA,NA,NA,NA,NA,NA
196,Wendys,1,NJ,Northern NJ,0,0,8,19,4,5,26,0.2,0,NA,reduced price meals,10.5,11.5,0.95,0.85,1.06,2,2,phone,completed,12/25/74,NA,0,30,3,5.05,26,0.18,0,reduced price meals,10.5,12.5,1,0.9,2.11,2,2
47,Burger King,0,PA,Southeastern PA,0,2,25,15,NA,4.5,4,0.17,0,75,reduced price meals,6,17,1.05,0.86,0.86,3,3,phone,completed,2/28/74,NA,0,45,2,4.25,NA,NA,0,reduced price meals,6,18,1.05,0.86,0.86,3,NA
84,Burger King,0,NJ,Central NJ,0,3,4,30,5,4.5,26,0.15,0,50,reduced price meals,7,16,1.04,0.85,0.91,4,2,phone,completed,10/21/75,NA,12,30,5,5.05,52,0.2,0,reduced price meals,7,16,1.05,0.9,0.94,3,3
265,Burger King,0,NJ,Southern NJ,0,3,0,20,1,4.25,26,0.15,0,100,reduced price meals,7,16,1.02,0.88,0.94,3,3,personal,closed (permanent),8/21/02,1,0,0,0,NA,NA,NA,NA,NA,NA,NA,NA,NA,NA,NA,NA
497,Wendys,1,PA,Northeastern PA,0,0,12,15,3,4.5,13,0.15,1,37,reduced price meals,10,12,0.91,0.84,0.84,2,2,phone,completed,12/25/74,NA,NA,NA,5,NA,NA,NA,0,reduced price meals,10,12,1.01,0.9,0.79,2,2
288,Roy Rogers,1,NJ,Southern NJ,0,3,0,20,3,4.75,NA,0.25,0,15,reduced price meals,6,16,1.02,0.95,0.95,6,4,phone,completed,9/16/74,NA,5,9,3,5.05,19,0.15,0,reduced price meals,6,16,1.01,1.01,0.89,5,2
443,Wendys,0,PA,Southeastern PA,0,0,4,19,4,4.25,4,0.25,0,95,reduced price meals,10.5,11.5,0.89,0.79,1.8,2,2,phone,completed,12/25/74,NA,5,20,4,4.35,17,0.18,0,reduced price meals,10.5,11.5,1,0.8,1.81,2,2
385,Burger King,0,NJ,Northern NJ,0,2,16,14,3,4.25,NA,0.15,1,25,free meals,7,17,NA,NA,NA,3,2,personal,completed,4/8/01,4,15,14,3,5.05,28,0.1,0,reduced price meals,7,17,1.16,1.22,0.41,3,3
514,Roy Rogers,0,PA,Northeastern PA,0,0,5,20,3,4.5,26,0.25,0,25,reduced price meals,6,16,0.94,0.9,0.94,5,3,phone,completed,6/8/74,1,23,16,3,4.25,10,0.2,0,reduced price meals,6,16,0.95,0.95,1.05,6,4
450,Burger King,0,PA,Northeastern PA,0,0,2,21,3,4.75,13,0.15,0,50,reduced price meals,6.5,16.5,0.97,0.82,0.84,3,3,phone,completed,5/8/76,2,27.5,8,3,4.75,13,0.25,1,reduced price meals,6,18,0.91,0.84,0.86,3,3
65,Burger King,0,NJ,Northern NJ,0,5,0,20,4,4.8,52,0.25,0,90,reduced price meals,6.5,15.5,1.06,0.85,1.11,3,3,personal,closed (renovations),11/29/02,3,NA,NA,3,5.05,NA,NA,NA,NA,NA,NA,NA,NA,NA,NA,NA
355,Wendys,0,NJ,Central NJ,0,0,2,17,3,4.87,26,0.15,1,100,free meals,10.5,11.5,0.95,0.92,0.95,2,2,phone,completed,12/25/74,NA,3,17,2,NA,NA,NA,0,free meals,10.5,11.5,1,0.85,0.89,2,2
264,Burger King,0,NJ,Southern NJ,0,5,0,10,2,4.25,13,0.25,1,60,free and reduced price meals,7,15,1.02,0.88,0.91,2,2,personal,completed,8/21/02,2,0,23,5,5.05,14,NA,0,reduced price meals,7,16,1.05,1.11,0.94,3,3
171,Burger King,1,NJ,Northern NJ,1,0,2,32,3,4.25,8,0.25,0,NA,reduced price meals,7,16,1.09,0.95,1.04,3,3,phone,completed,2/28/74,NA,10,12.5,5,5.05,4,0.1,1,reduced price meals,7,16,1.18,1.04,1.03,3,3
427,Wendys,0,NJ,Northern NJ,0,3,7,8,3,4.75,13,0.1,0,40,reduced price meals,10.5,12.5,1.06,0.98,2.03,2,2,personal,completed,6/17/03,4,0,35,3,5.05,NA,NA,1,reduced price meals,10.5,12.5,1.11,1.09,2.07,2,2
277,KFC,1,NJ,Southern NJ,0,0,2,15,3,4.25,9,0.25,0,10,free and reduced price meals,11,10,0.95,0.85,2.34,3,3,phone,completed,4/4/75,1,1,14,3,5.05,NA,NA,0,free meals,11,10,0.94,0.73,2.32,3,3
506,KFC,1,PA,Southeastern PA,0,0,3,7,2,NA,13,0.37,0,30,reduced price meals,11,10,0.95,0.74,2.33,3,3,phone,completed,9/16/74,NA,3,7,4,5,19,0.25,NA,free meals,11,11,0.95,0.74,2.33,4,3
176,Burger King,0,NJ,Northern NJ,0,0,15,21,4,4.62,13,0.12,0,20,free meals,7,16,1.06,NA,1.05,4,4,phone,completed,1/29/76,1,20,27.5,4,5.05,NA,NA,0,reduced price meals,7,16,1.04,1.06,NA,NA,NA
360,Burger King,0,NJ,Southern NJ,0,0,3,25,2,4.25,13,0.15,1,100,reduced price meals,7,15,1.06,0.84,0.89,3,3,phone,completed,10/21/75,NA,5,32,7,5.05,4,0.25,0,reduced price meals,7,16,1.05,0.87,0.82,3,3
412,KFC,0,NJ,Central NJ,0,0,0,17,2,4.5,NA,0.37,0,18,free meals,11,11,1.06,1.02,2.34,5,2,phone,completed,9/16/74,NA,0,13,2,5.05,NA,NA,0,free meals,11,11,1.15,1.05,2.64,5,3
210,Wendys,1,NJ,Northern NJ,0,3,0,19,2,4.5,13,0.17,1,90,reduced price meals,10.5,11.5,1.06,0.95,0.95,4,2,phone,completed,12/25/74,NA,0,14,3,5.05,13,0.2,0,reduced price meals,10,11,NA,NA,NA,4,NA
169,Burger King,1,NJ,Northern NJ,0,0,12,33,4,5,13,0.25,0,50,reduced price meals,7,16,1.1,0.94,1.04,3,3,phone,completed,10/21/75,NA,20,6,4,5.05,52,0.15,0,reduced price meals,7,16,1.11,1.05,1.05,3,3
424,KFC,1,NJ,Northern NJ,0,0,3.5,6.5,3,4.75,13,0.25,0,45,free meals,11,11,1.06,0.85,2.34,5,3,phone,completed,1/29/76,1,12,3,4,5.25,19,0.5,0,free meals,11,14,1.05,0.94,2.32,5,3
215,Burger King,0,NJ,Southern NJ,0,0,10,10,3,4.5,13,0.2,0,100,reduced price meals,7,16,1.06,0.89,0.91,3,3,phone,completed,2/28/74,NA,20,10,3,5.05,26,0.15,0,free and reduced price meals,7,16,0.93,0.84,0.93,3,3
222,Roy Rogers,1,NJ,Southern NJ,0,3,2,24,3,4.25,13,0.25,0,75,reduced price meals,9,12.5,1.12,0.85,1.06,3,1,phone,completed,6/8/74,NA,2,15,3,5.05,26,0.2,0,reduced price meals,10,11.5,1.01,1.01,0.89,3,1
432,Burger King,0,PA,Southeastern PA,0,0,20,55,5,4.5,17,0.15,0,75,reduced price meals,7,16,0.94,0.74,0.79,4,3,phone,completed,5/4/73,1,25,10,4,5.05,26,0.2,0,reduced price meals,7,16,0.94,0.74,0.79,3,1
39,Burger King,0,PA,Southeastern PA,0,0,1,32,2,4.25,8,NA,0,100,reduced price meals,6.5,17.5,1.03,0.73,0.52,4,2,phone,completed,1/29/76,NA,5,15,3,NA,NA,NA,0,reduced price meals,6.5,16.5,1.05,NA,0.63,4,2
352,Roy Rogers,1,NJ,Northern NJ,0,0,0,19,4,4.75,8,0.25,0,50,reduced price meals,10,11.5,1.12,0.91,0.99,2,2,personal,closed (mall fire),2/6/05,9,NA,NA,NA,NA,NA,NA,NA,NA,NA,NA,0.95,0.95,0.89,NA,NA
397,Roy Rogers,1,NJ,Northern NJ,0,2,4,28,3,4.25,52,0.62,0,85,reduced price meals,6,17,1.12,1.02,1.06,4,3,personal,completed,6/21/06,9,6,15,3,5.05,52,0.24,0,reduced price meals,6,17,1.17,1.06,2.11,4,3
14,KFC,0,NJ,Central NJ,0,0,10,8,2,5.12,6,0.25,0,0,free and reduced price meals,11,11,1.06,0.85,2.49,6,5,phone,completed,10/16/72,NA,4,17,3,5.05,13,0.25,1,reduced price meals,11,11,1.05,0.94,2.6,6,3
185,KFC,0,NJ,Central NJ,1,0,2,9,3,4.5,13,0.2,0,100,reduced price meals,11,10.5,1.06,1.01,2.66,4,4,phone,completed,6/8/74,NA,2,6,3,5.05,26,0.25,1,free meals,11,10.5,1.05,1,2.75,3,3
17,Roy Rogers,0,NJ,Central NJ,0,0,0,20,4,4.37,13,0.25,0,60,reduced price meals,6,17,1.06,1,2.02,6,5,phone,completed,10/21/75,1,4,35,4,5.05,13,0.2,0,reduced price meals,6,17,1.05,0.94,0.95,6,5
125,KFC,0,NJ,Central NJ,0,0,15,0,4,4.5,26,0.25,0,100,free meals,10,12.5,0.91,0.85,2.34,3,2,phone,completed,4/4/75,NA,0,15,2,5.05,52,0.4,0,free meals,10,12,1.01,1.01,2.49,4,3
351,Roy Rogers,1,NJ,Southern NJ,0,1,2,27.5,3,4.25,NA,NA,0,NA,reduced price meals,6,16,1.02,0.9,0.95,4,3,phone,completed,1/29/76,2,10,20,4,5.05,52,0.53,0,reduced price meals,6,16,1.01,1.01,0.73,4,2
409,Burger King,0,NJ,Northern NJ,0,0,3,60,2,5,39,NA,0,0,free meals,7,15,1.19,0.87,0.95,3,3,phone,completed,1/29/76,2,0,15,3,5.05,NA,NA,0,free meals,7,15,1.09,1.04,1.01,3,3
324,Roy Rogers,0,NJ,Southern NJ,0,2,20,46,5,5.25,26,0.2,0,0,reduced price meals,0,24,1.18,1.06,NA,5,2,personal,completed,9/25/03,4,22,39,5,5.05,52,0.25,1,reduced price meals,0,24,1.22,1.05,1.05,5,2
31,KFC,0,NJ,Central NJ,0,2,4,16,3,5.25,13,0.15,0,0,reduced price meals,11,11,1.03,1.06,2.56,4,3,phone,completed,4/4/75,3,6,15,5,5.05,26,0.25,0,free meals,10.5,12.5,1,1.05,2.64,4,4
108,Burger King,0,NJ,Northern NJ,0,2,13.5,15,4,4.25,26,0.37,1,6,free meals,7,17,1.27,1.01,1.06,3,3,phone,completed,10/21/75,NA,11,24,5,5.05,26,0.15,0,free meals,7,17,1.37,1.02,1.05,3,3
182,KFC,0,NJ,Southern NJ,1,0,3,15,3,4.5,4,0.25,1,100,reduced price meals,11,11,1.06,1.01,2.66,4,3,phone,completed,6/8/74,NA,0,15,3,5.05,26,0.25,0,reduced price meals,11.5,10,1.05,1,2.73,4,3
399,Roy Rogers,1,NJ,Northern NJ,0,0,13,8,3,4.87,18,0.3,1,NA,reduced price meals,6,17,1.27,1.04,1.12,7,3,phone,completed,6/8/74,NA,18,18,4,5.05,26,0.23,0,reduced price meals,7,16,1.26,1.08,1.05,7,4
423,KFC,1,NJ,Northern NJ,0,3,2,10,2,4.95,13,0.5,1,33,free meals,11,12,1.06,0.85,2.34,3,2,phone,completed,4/4/75,1,19,3.5,3,5.25,13,0.5,0,free meals,11,11,1.05,0.84,2.32,3,2
87,Burger King,0,NJ,Central NJ,1,0,0,15,NA,4.5,26,NA,0,NA,reduced price meals,7,15,1.06,0.86,1.02,3,3,phone,completed,2/28/74,NA,0,30,5,5.05,41,0.18,0,free and reduced price meals,7,15,1,0.99,1.04,3,3
340,Burger King,0,NJ,Southern NJ,0,3,6,30,3,4.25,26,0.1,0,30,reduced price meals,7.5,14.5,0.96,0.95,0.85,5,4,phone,completed,10/21/75,NA,15,17,2,5.05,8,0.15,0,reduced price meals,6,16,1.05,0.84,0.84,5,4
183,KFC,0,NJ,Northern NJ,0,0,12,4,4,4.62,20,0.33,0,100,free and reduced price meals,11,11,1.06,1.01,2.66,4,3,phone,completed,5/8/76,4,15,10,2,5.05,13,0.25,0,reduced price meals,11,10.5,1.05,1,2.75,4,3
97,KFC,0,NJ,Central NJ,0,2,0,12,4,4.25,13,0.25,1,58,reduced price meals,11,10,1.02,0.75,2.56,3,2,phone,completed,9/16/74,NA,2.5,11,3,5.05,13,0.3,0,reduced price meals,11,10,1.05,0.8,2.54,3,2
384,Burger King,0,NJ,Northern NJ,0,3,NA,NA,3,4.65,26,0.25,0,NA,reduced price meals,7,16,1.06,0.95,0.95,3,2,phone,completed,5/4/73,NA,0,30,3,5.05,26,0.1,0,free and reduced price meals,7,16,1.05,1.05,0.89,3,2
311,Wendys,0,NJ,Northern NJ,0,2,0,30,4,NA,26,0.32,1,78,reduced price meals,10.5,11.5,0.91,0.91,1.06,2,2,phone,completed,12/25/74,NA,35,30,3,5.05,NA,0.2,0,reduced price meals,10.5,11.5,1.01,0.95,1.05,2,2
379,Burger King,0,NJ,Northern NJ,0,0,20,12,4,4.62,26,0.17,0,30,free and reduced price meals,7,16,1.06,1.06,0.95,3,2,phone,completed,1/29/76,1,28,6,3,5.05,52,0.15,1,free meals,7,16,1.06,1.06,1.06,3,2
1,Burger King,0,NJ,Central NJ,0,0,16,30,4,4.5,NA,0.25,0,80,free and reduced price meals,7,16,0.93,0.83,0.85,4,3,phone,completed,10/16/72,NA,20,40,4,5.05,NA,NA,0,reduced price meals,7,16,1.05,0.79,0.9,4,3
157,KFC,0,NJ,Northern NJ,0,0,10,5,3,5,26,0.25,0,0,free meals,10.5,12,0.91,0.85,2.34,3,3,phone,completed,1/29/76,2,12,8,2,5.5,26,0.25,0,free meals,10.5,11,0.95,0.83,2.47,2,2
285,Roy Rogers,1,NJ,Southern NJ,0,1,3,25,3,4.75,4,0.25,0,70,reduced price meals,6,16,1.02,0.91,0.8,4,2,phone,completed,9/16/74,NA,3,15,3,5.05,52,0.13,0,reduced price meals,6,16,1.01,1.01,1.01,4,2
495,Roy Rogers,0,PA,Northeastern PA,0,2,4,28,3,5,26,0.25,0,2,reduced price meals,7,15,1.05,1.01,0.94,3,3,phone,completed,6/8/74,NA,8,20,3,5,26,0.25,1,reduced price meals,6,16,0.96,1.01,1.01,5,3
203,Burger King,0,NJ,Northern NJ,0,2,9,12,2,4.25,26,0.15,0,50,reduced price meals,7,17,1.06,0.95,0.95,3,3,phone,completed,2/28/74,NA,4,34,3,5.05,26,0.18,0,none,7,17,1.05,0.95,0.95,3,2
77,Roy Rogers,0,NJ,Northern NJ,0,0,6,50,4,5,4,0.15,0,100,reduced price meals,6,19,1.18,1.07,1.17,6,5,phone,completed,8/16/76,4,4,60,3,5.05,52,0.15,0,reduced price meals,6,19,1.06,1.06,1.05,6,2
11,Burger King,0,NJ,Central NJ,0,2,10,30,4,4.25,26,0.1,0,80,reduced price meals,7,16,1.09,0.89,0.91,3,3,phone,completed,1/29/76,1,12,24,3,5.05,NA,NA,0,reduced price meals,7,16,1.05,0.87,0.94,3,2
445,Burger King,0,PA,Northeastern PA,0,0,50,35,3,5,26,0.1,0,0,reduced price meals,6,18,1.04,0.88,0.94,3,3,phone,completed,5/4/73,NA,15,18,5,4.75,26,0.15,0,reduced price meals,6,18,1.04,0.86,0.94,3,3
320,KFC,0,NJ,Southern NJ,1,0,5,9,2,5,13,0.12,1,0,reduced price meals,11,12,1.12,0.8,2.45,4,4,phone,completed,12/25/74,NA,4,6,3,5.05,NA,NA,0,free meals,11,11,1.05,0.84,2.43,4,3
105,Burger King,0,NJ,Northern NJ,0,2,0,40,4,4.25,10,NA,0,50,reduced price meals,6.5,16.5,0.96,1,1.03,4,2,phone,completed,2/28/74,NA,0,45,4,5.05,13,0.25,0,reduced price meals,6.5,16.5,1.05,0.99,1.16,4,3
161,Roy Rogers,1,NJ,Northern NJ,0,0,8,25,4,5,19,0.15,0,2,reduced price meals,6,17,1.12,1.02,1.06,7,3,phone,completed,8/16/76,4,26,12,4,5.05,NA,NA,0,reduced price meals,6,17,1.11,1.06,1.05,7,5
95,KFC,0,NJ,Central NJ,0,1,18,3,4,4.25,26,0.27,0,40,free meals,11,10,1.06,0.8,2.56,4,3,phone,completed,9/16/74,NA,0,14,3,5.05,13,0.25,0,free meals,11,10,1.05,0.75,2.53,3,3
102,Roy Rogers,0,NJ,Southern NJ,0,2,12,13,3,4.4,52,0.2,0,15,reduced price meals,7,16,1.06,0.91,1.07,6,4,phone,completed,12/25/74,NA,0,27,2,5.05,52,0.25,0,reduced price meals,7,15,1.07,1.01,1.05,5,5
362,KFC,0,NJ,Southern NJ,0,0,6,13,NA,4.25,13,0.66,1,100,reduced price meals,10.5,12.5,1.06,0.81,2.45,5,3,phone,completed,9/16/74,NA,24,4,4,5.05,13,0.18,0,free meals,10.5,12.5,1.05,0.84,2.43,5,3
438,KFC,0,PA,Southeastern PA,0,2,0,9,3,4.25,52,0.07,0,11,reduced price meals,11,8,1.01,0.84,2.43,2,1,phone,completed,9/16/74,NA,2,9,3,4.25,52,0.05,0,reduced price meals,11,9,0.95,0.84,2.43,2,1
478,Burger King,0,PA,Southeastern PA,0,0,32,25,4,4.5,13,0.22,0,30,reduced price meals,6,19,0.97,0.86,0.91,3,3,personal,completed,10/29/04,1,8,30,4,4.35,13,0.25,0,reduced price meals,6,18,1.01,0.88,0.91,3,2
503,Burger King,0,PA,Northeastern PA,0,2,7.5,14,4,4.75,NA,0.12,0,100,reduced price meals,6.5,16.5,0.97,0.84,0.91,3,3,phone,completed,5/4/73,NA,35,6.5,3,4.5,13,0.15,0,reduced price meals,6,18,0.97,0.84,1,3,3
60,Wendys,0,PA,Southeastern PA,0,0,10,20,5,4.25,4,0.1,0,75,free meals,10.5,11.5,0.94,0.74,0.86,2,2,phone,completed,1/29/76,2,10,20,5,4.25,4,0.25,0,free meals,10,12,0.98,0.84,0.86,2,2
321,KFC,0,NJ,Southern NJ,1,0,3,14,3,5,NA,0.25,0,10,reduced price meals,10.5,12.5,1.12,0.85,2.45,4,2,phone,completed,4/4/75,2,4,11,2,5.05,13,0.15,0,free meals,11,12,1.05,0.84,2.43,4,3
366,Roy Rogers,0,NJ,Southern NJ,0,3,2,17,3,4.5,13,0.25,0,50,reduced price meals,10.5,11.5,1.02,0.91,0.63,5,4,phone,completed,5/8/76,1,1,19,4,5.05,13,0.25,0,reduced price meals,10.5,11.5,1.01,0.9,0.63,4,3
138,Roy Rogers,1,NJ,Northern NJ,0,0,4.5,25.5,2,NA,NA,NA,1,NA,reduced price meals,10,11.5,1.12,1.07,1.06,6,NA,phone,completed,10/21/75,NA,2,33,3,5.05,26,0.2,0,reduced price meals,10,11.5,1.21,1.01,0.94,6,4
377,Burger King,0,NJ,Northern NJ,0,3,12,6,3,4.25,26,0.15,1,90,reduced price meals,8,14,1.06,0.95,0.95,3,2,phone,completed,5/4/73,NA,11,12,3,5.05,26,0.2,0,reduced price meals,8,14,1.05,0.95,0.94,3,1
40,Burger King,0,PA,Southeastern PA,0,0,10,20,7,4.25,4,0.15,0,100,reduced price meals,6.5,16.5,0.98,0.82,0.8,3,3,phone,completed,2/28/74,NA,7,25,6,4.25,8,0.13,0,reduced price meals,6.5,17.5,0.98,0.82,0.87,3,2
483,KFC,1,PA,Northeastern PA,0,0,1,15,1,5,13,0.07,1,0,reduced price meals,11,10,0.94,0.73,2.32,4,3,phone,completed,9/16/74,NA,4,13,3,4.75,13,0.18,0,free meals,11,11,0.95,0.74,2.33,4,3
357,Wendys,0,NJ,Northern NJ,0,1,4.5,20,3,5,16,0.2,0,100,free meals,10.5,11.5,0.95,0.86,0.95,2,2,phone,completed,12/25/74,NA,21,6,3,5.25,13,0.25,0,free meals,10.5,12.5,1,0.84,2.35,2,2
433,Burger King,0,PA,Southeastern PA,0,0,10,30,4,4.25,13,0.15,0,75,reduced price meals,7,16,0.95,0.73,0.8,3,3,personal,completed,1/7/07,6,0,42,4,NA,NA,NA,0,reduced price meals,7,16,0.94,0.74,0.74,3,3
13,KFC,0,NJ,Central NJ,0,0,0,25,3,4.5,7,0.25,0,100,reduced price meals,11,10,1.06,0.95,2.66,5,4,phone,completed,1/29/76,1,2,11,3,5,13,0.25,0,free meals,11,11,1.01,0.94,2.75,4,3
381,Burger King,0,NJ,Northern NJ,0,0,10,20,4,5,13,0.5,1,0,reduced price meals,6.5,16.5,1.27,1.17,1.1,4,2,phone,completed,10/21/75,NA,15,15,5,5.05,8,0.47,1,reduced price meals,6.5,16.5,1.37,1.16,1.16,4,2
278,KFC,1,NJ,Southern NJ,0,0,3,4,3,4.25,3,0.25,0,43,reduced price meals,11,10,0.95,0.74,2.19,4,3,phone,completed,12/25/74,NA,0,9,4,5.05,NA,NA,0,free meals,11,11,0.95,0.73,2.32,5,3
516,Roy Rogers,1,PA,Northeastern PA,0,2,6,22.5,3,4.75,13,0.12,0,23,free and reduced price meals,6,16,1.05,0.91,1.05,4,3,phone,completed,10/21/75,NA,2,12,2,4.91,14,0.18,1,reduced price meals,8,14,1.01,0.95,0.89,5,3
402,Roy Rogers,1,NJ,Northern NJ,0,2,11,10,3,4.75,26,0.25,0,20,reduced price meals,6,16,1.12,1.02,1.06,4,2,phone,completed,10/21/75,NA,17,5,2,5.05,26,0.13,0,reduced price meals,7,15,1.11,1.05,1.05,4,1
286,Roy Rogers,1,NJ,Southern NJ,0,4,1,15,3,4.75,13,0.25,0,66,reduced price meals,10,11.5,1.12,NA,0.95,2,1,phone,completed,10/21/75,1,2,15,3,5.05,26,0.18,0,reduced price meals,10,11.5,1.02,1.01,0.94,2,1
407,Wendys,1,NJ,Northern NJ,0,2,5,10,2,5.75,26,0.15,1,0,reduced price meals,11,10.5,1.17,1.17,1.38,1,1,phone,completed,12/25/74,NA,8,7,3,5.5,26,0.15,0,reduced price meals,11,10.5,1.05,1.16,2.32,1,1
305,Roy Rogers,1,NJ,Northern NJ,0,2,0,20,3,4.39,NA,NA,0,NA,reduced price meals,6,17,1.27,1.27,1.06,5,4,phone,completed,1/29/76,1,5,22,4,5.05,2,0.35,0,free meals,6,18,1.37,1.31,1.05,5,4
101,Roy Rogers,0,NJ,Central NJ,1,3,4.5,15,3,4.75,26,0.15,0,80,reduced price meals,7,15,1.2,1.18,1.06,6,4,phone,completed,12/25/74,NA,10,12,3,5.05,26,0.15,0,reduced price meals,7,15,1.15,1.1,1.05,8,3
312,Burger King,0,NJ,Southern NJ,1,3,4,6,3,4.25,10,0.22,0,100,free meals,8,11,1.22,1.06,0.93,3,1,phone,completed,11/20/73,NA,3,2,3,5.05,4,0.25,0,free meals,9,10,1.26,1.05,1.02,3,1
469,Burger King,0,PA,Northeastern PA,0,0,8,27,5,5,39,0.25,0,80,reduced price meals,6,18,0.92,0.72,0.96,3,2,phone,completed,10/21/75,1,7,39,4,4.5,41,0.23,0,reduced price meals,6,18,0.92,0.81,0.87,3,3
273,KFC,1,NJ,Southern NJ,0,0,2,14,4,4.62,13,0.2,0,95,free meals,11,10,0.95,0.74,2.34,4,3,phone,completed,1/29/76,2,2,11,3,5.05,6,0.18,0,free meals,11,10,0.95,0.74,2.32,4,3
123,Burger King,0,NJ,Central NJ,0,0,0,20,5,NA,13,NA,0,28,reduced price meals,7,14.5,1.06,0.95,1.01,2,1,phone,completed,2/28/74,NA,5,25,4,5.05,26,0.15,0,free and reduced price meals,7.5,14,1.05,0.94,1,3,2
254,Wendys,0,NJ,Southern NJ,1,0,20,10,3,NA,16,NA,0,NA,free meals,7,16,1.06,0.86,1.06,2,2,phone,completed,4/4/75,1,28,10,3,5.25,8,0.2,1,free meals,7,15,1,0.85,1.05,2,2
2,Burger King,0,NJ,Central NJ,0,0,10,6,3,4.75,26,0.5,1,80,free meals,7,14,1.06,0.91,0.96,2,2,phone,completed,10/16/72,NA,7.5,10,3,5.25,19,0.38,1,free meals,7,15,1.05,1.01,0.94,2,2
24,Burger King,0,NJ,Central NJ,0,2,15,15,4,4.75,13,0.25,1,40,reduced price meals,7,16,1.06,0.95,1.01,4,3,personal,completed,7/21/04,3,15,20,4,5.05,52,0.15,0,reduced price meals,NA,NA,1.05,0.94,1,4,3
459,Roy Rogers,1,PA,Northeastern PA,0,0,5,20,3,4.25,13,0.37,0,NA,reduced price meals,6,16,1.05,0.9,0.94,5,NA,personal,completed,10/29/04,1,0,20,5,4.35,28,0.15,1,reduced price meals,7,15,1.01,1.01,0.89,4,2
94,KFC,0,NJ,Central NJ,0,2,0,25,5,5,26,0.25,0,0,free and reduced price meals,11,10,1.06,0.8,2.56,NA,NA,phone,completed,9/16/74,NA,2,20,4,5.05,52,0.25,0,free meals,11,10,1.05,0.79,2.53,3,NA
61,Wendys,1,PA,Southeastern PA,0,0,6,26,5,5.5,52,0.15,1,0,free and reduced price meals,10,12,0.87,0.77,1.65,2,2,phone,completed,4/4/75,NA,28,3,6,4.75,13,0.15,0,reduced price meals,10,12,1.01,0.84,0.95,2,2
237,Burger King,0,NJ,Northern NJ,0,2,12,11,4,4.25,13,0.25,0,50,reduced price meals,7,16,1.11,0.95,1.01,2,2,phone,completed,11/20/73,NA,9,17,4,5.05,4,0.2,0,reduced price meals,7,15.5,0.94,0.94,1,2,2
219,KFC,1,NJ,Southern NJ,0,0,3,9,3,4.25,19,0.12,0,50,reduced price meals,11,10,0.91,0.74,2.34,4,3,phone,completed,6/8/74,NA,9,9,2,5.05,26,0.18,0,free meals,10.5,10.5,0.94,0.73,2.53,NA,NA
314,Burger King,0,NJ,Southern NJ,1,8,8,12,3,4.62,4,0.25,0,80,free meals,7,15,1.06,0.95,0.91,3,2,phone,completed,11/20/73,NA,15,6,4,5.25,13,0.15,0,free meals,6,16,1.05,0.74,0.94,3,3
130,Roy Rogers,1,NJ,Central NJ,0,2,7,25.5,3,4.5,19,0.3,0,15,reduced price meals,5,18,1.12,1.07,1,4,3,personal,completed,7/21/04,6,2,38,4,5.05,4,0.15,0,reduced price meals,7,16,1.11,1.06,1.05,5,3
487,Roy Rogers,1,PA,Northeastern PA,0,0,10,6,2,5,13,0.17,1,0,reduced price meals,10,11.5,1.11,0.91,0.95,6,3,phone,completed,6/8/74,NA,6,20,3,4.75,26,0.1,0,reduced price meals,10.5,11,1.05,1.01,0.94,6,1
393,KFC,1,NJ,Northern NJ,0,4,4,10,3,4.62,2,0.25,0,100,reduced price meals,11,11,1.17,1.27,2.77,3,2,phone,completed,1/29/76,3,18,4,3,5.25,13,0.25,1,free meals,11,11,1.16,1.26,2.75,3,2
301,KFC,1,NJ,Northern NJ,0,4,8,12,5,5,11,0.36,1,0,free and reduced price meals,11,10.5,1.06,0.85,2.34,3,1,phone,completed,4/4/75,1,2,7,1,5.05,4,0.5,0,reduced price meals,11,10.5,0.94,0.84,2.32,3,2
5,Roy Rogers,0,NJ,Central NJ,0,0,5,30,4,4.5,13,0.17,0,NA,free meals,6,17,0.95,NA,2.13,5,4,phone,completed,5/8/76,2,10,30,4,5.15,4,0.18,0,reduced price meals,6,17,1.05,0.94,0.94,5,5
346,KFC,1,NJ,Southern NJ,0,0,2,10.5,2,4.25,19,0.2,0,NA,reduced price meals,11,10,0.95,NA,NA,4,3,phone,completed,9/16/74,NA,3,12,3,NA,NA,NA,0,free meals,11,11,0.85,NA,NA,NA,NA
471,Burger King,0,PA,Northeastern PA,0,2,25,20,4,4.25,26,NA,0,50,reduced price meals,6,18,0.97,0.84,0.91,2,2,phone,completed,10/21/75,NA,12,23,3,4.25,26,0.15,0,reduced price meals,6,18,0.97,0.86,0.91,3,1
368,Wendys,0,NJ,Southern NJ,0,1,0,20,3,4.25,13,0.15,0,20,free and reduced price meals,10.5,12.5,0.89,0.86,0.95,2,1,phone,completed,12/25/74,NA,0,25,2,5.05,19,0.15,0,free meals,10.5,11.5,1,0.85,0.95,2,2
142,Wendys,0,NJ,Northern NJ,0,0,15,35,4,4.25,26,0.15,1,NA,reduced price meals,10,11.5,1.06,0.95,1.06,2,2,phone,completed,4/4/75,NA,40,31,5,5.05,26,0.18,0,reduced price meals,10,11.5,1.01,0.89,1.26,2,2
350,Roy Rogers,1,NJ,Southern NJ,0,0,8,9,4,4.75,13,0.37,0,60,reduced price meals,6,16,1.06,0.91,1.12,5,NA,phone,completed,5/8/76,1,5,20,2,5.05,13,0.23,0,reduced price meals,6,17,1.01,1.01,0.89,5,4
458,KFC,1,PA,Southeastern PA,0,2,2,10,2,5,19,0.15,0,0,free meals,11,10,0.94,0.73,2.32,4,4,phone,completed,1/29/76,1,2,9,2,5,13,0.25,0,free meals,11,10.5,0.9,0.73,2.32,4,3
146,Burger King,0,NJ,Northern NJ,0,3,8,20,5,4.8,26,0.25,1,NA,reduced price meals,7,16,1.06,1,1.06,4,3,phone,completed,2/28/74,NA,0,32,4.5,5.05,26,0.17,0,reduced price meals,7,16,1.05,0.99,1.05,4,3
66,Burger King,0,NJ,Northern NJ,0,0,15,18,3,4.25,26,0.15,0,20,reduced price meals,7,17,1.06,0.95,0.95,3,2,phone,completed,2/28/74,NA,26,10,4,5.05,26,0.25,1,free meals,7,17,1.05,0.95,0.95,3,3
489,Roy Rogers,0,PA,Northeastern PA,0,2,5,23,2,5,13,0.37,1,6,reduced price meals,7,14,1.05,1.01,0.94,4,4,phone,completed,5/8/76,2,2,19,3,4.25,26,0.13,0,reduced price meals,10,11.5,1.01,1.01,1.05,6,3
153,Burger King,0,NJ,Northern NJ,0,0,0,25,9,NA,52,0.15,0,33,free meals,7,17,1,0.95,0.89,4,3,phone,completed,2/28/74,NA,26.5,10,3,5.05,26,0.15,0,reduced price meals,7,17,1.05,0.95,0.95,3,2
147,Burger King,0,NJ,Northern NJ,0,0,8.5,6.5,3,5.12,8,0.25,0,100,reduced price meals,7,14,1.12,0.89,0.95,2,2,phone,completed,5/8/76,1,6,0,3,5.25,13,0.38,0,reduced price meals,7,14,1.13,0.91,0.91,2,2
441,Wendys,0,PA,Southeastern PA,0,2,30,10,3,4.25,4,0.25,1,100,reduced price meals,10.5,11.5,0.89,0.77,0.84,2,2,phone,completed,12/25/74,NA,0,30,3,4.25,4,0.25,0,reduced price meals,10.5,11.5,1,0.8,1.81,2,2
490,Roy Rogers,1,PA,Northeastern PA,0,0,10,12.5,4,5,13,0.12,0,0,reduced price meals,6,16,1.05,1.01,1.05,4,4,phone,completed,10/21/75,1,2,18,3,5,26,0.28,0,reduced price meals,6,16,1.01,1.01,1.05,5,3
92,Burger King,1,NJ,Central NJ,1,0,4,18,4,4.25,13,0.75,0,100,reduced price meals,7,15,1.09,0.95,1.03,3,3,phone,completed,2/28/74,NA,14,6,3,5.05,NA,0.25,0,reduced price meals,7,15,1.11,1.01,1.05,3,3
27,KFC,1,NJ,Central NJ,0,2,4,10,4,5,NA,0.37,0,0,free meals,11,10,1.06,0.85,2.34,4,3,phone,completed,9/16/74,NA,0,7,4,5.05,26,0.25,0,free meals,11,10,1.05,0.84,2.53,4,3
510,Roy Rogers,1,PA,Northeastern PA,0,0,7,25,4,4.25,26,0.25,0,60,reduced price meals,6,16,1.05,0.91,1.05,3,3,phone,completed,5/8/76,2,2.5,17.5,3,NA,13,NA,1,reduced price meals,7,15,1.05,1.01,NA,5,3
99,Roy Rogers,1,NJ,Central NJ,1,0,60,40,5,4.75,26,0.15,0,50,reduced price meals,0,24,1.23,NA,2.3,8,6,personal,completed,9/25/03,6,30,50,4,5.05,15,0.25,1,reduced price meals,0,24,1.22,1.17,2.32,5,2
380,Burger King,0,NJ,Northern NJ,0,0,10,15,3,4.5,52,0.2,0,50,free and reduced price meals,7,16,1.06,0.95,0.95,3,2,phone,completed,5/4/73,NA,15,14,3,5.05,26,0.13,0,free meals,7,16,1.05,0.94,0.94,3,2
296,Burger King,1,NJ,Northern NJ,0,0,5,16,4,5.3,26,0.25,0,50,reduced price meals,7,16,1.06,0.95,1.01,3,3,phone,completed,5/8/76,3,4,9,6,5.05,13,NA,0,reduced price meals,7,16,1.05,0.94,1,3,2
201,Burger King,0,NJ,Northern NJ,0,0,0,33,3,4.5,26,0.35,0,65,reduced price meals,7,17,1.06,1.02,0.95,3,3,phone,completed,2/28/74,NA,16,22,3,5.05,26,0.28,1,free meals,7,17,1.05,0.95,0.95,3,3
475,Burger King,0,PA,Northeastern PA,0,1,25,8,3,4.5,NA,NA,0,60,free meals,7,15,1.02,0.89,0.9,3,3,phone,completed,5/4/73,NA,10,16,3,4.5,26,0.15,0,free meals,7,15,1.02,0.94,0.9,3,3
244,Roy Rogers,1,NJ,Northern NJ,0,3,12,30,3,4.25,4,0.25,0,40,reduced price meals,6,18,1.17,1.12,1.02,4,3,phone,completed,6/8/74,NA,16,12,6,5.05,26,0.25,0,reduced price meals,7,17,1.11,1.12,1.05,5,3
333,Burger King,0,NJ,Central NJ,0,0,2,16.5,4,4.25,13,0.2,0,100,reduced price meals,7,15,1.02,0.88,0.82,4,NA,phone,completed,11/20/73,NA,3,20,3,5.05,13,0.18,0,reduced price meals,7,15,1.04,0.87,0.87,3,3
267,Burger King,0,NJ,Southern NJ,0,0,6.5,20,3,4.25,26,0.22,0,80,reduced price meals,7,16,0.9,0.8,0.8,3,2,phone,completed,11/20/73,NA,30,25,5,5.05,26,0.2,0,free and reduced price meals,7,16,1.05,0.88,0.91,3,2
73,KFC,0,NJ,Northern NJ,0,1,0,7,3,4.25,NA,0.75,0,40,free and reduced price meals,11,12,1.06,1.06,2.45,3,2,phone,completed,1/29/76,2,14,0,3,5.05,4,0.05,0,reduced price meals,11,11,1.05,1.05,2.43,3,NA
197,Burger King,0,NJ,Northern NJ,0,0,23,10,4,5,26,0.25,0,50,reduced price meals,7,17,0.99,0.89,0.89,3,2,phone,completed,1/29/76,1,5,21,5,5.05,26,0.13,0,free and reduced price meals,7,17,1.05,0.95,0.95,3,1
35,Wendys,0,NJ,Northern NJ,0,2,25,6.5,4,4.5,9,0.25,1,NA,reduced price meals,10.5,11.5,0.96,0.95,2.13,2,2,phone,completed,8/16/76,6,13,18,3,5.05,13,0.25,0,reduced price meals,10.5,11.5,1.03,NA,NA,2,2
63,Burger King,1,NJ,Northern NJ,0,1,26,6,NA,4.25,26,NA,0,75,reduced price meals,6,18,1.1,0.97,1.17,4,3,phone,completed,1/29/76,1,15,10,4,5.05,26,0.1,0,reduced price meals,7,18,1.11,1.01,1.09,4,3
378,Burger King,1,NJ,Northern NJ,0,4,10,8,4,5,52,0.1,0,NA,reduced price meals,6.5,18.5,1.1,0.96,1.1,5,5,phone,completed,5/4/73,NA,20,15,4,5.05,52,0.25,1,reduced price meals,6,19,1.05,0.99,1.03,6,4
89,Burger King,1,NJ,Central NJ,0,2,10,6,3,5,13,0.17,0,0,reduced price meals,7,16,1.09,0.95,1.04,3,2,phone,completed,2/28/74,NA,6,25,6,5.5,4,0.63,0,reduced price meals,7,16,1.11,1.01,1.05,3,3
141,Wendys,0,NJ,Central NJ,0,0,10,15,4,4.75,13,0.27,1,NA,reduced price meals,10.5,12.5,1.02,0.91,1.06,2,2,phone,completed,5/8/76,2,10,25,3,5.05,13,0.18,1,reduced price meals,10.5,12.5,1.05,0.84,1.34,2,2
78,Roy Rogers,1,NJ,Northern NJ,0,0,13,10,3,5,26,0.15,0,0,reduced price meals,6,17,1.12,1.02,1.02,4,2,phone,completed,12/25/74,NA,10,12,2,5.05,26,0.1,0,reduced price meals,7,16,1.11,1.01,1.05,5,3
403,Roy Rogers,1,NJ,Northern NJ,0,2,13,31,NA,5.05,26,0.15,0,10,reduced price meals,6,18,1.09,1.12,1.06,5,4,phone,completed,5/8/76,3,11,23,3,5.05,13,NA,1,reduced price meals,7,16,1.11,1.06,1.05,4,4
371,Burger King,0,NJ,Northern NJ,0,0,12,23,4,5,13,0.15,0,100,reduced price meals,7,16,1.06,1.02,0.95,3,3,phone,completed,5/4/73,NA,11,22,5,5.25,26,NA,0,free and reduced price meals,7,16,NA,NA,NA,4,2
269,KFC,1,NJ,Southern NJ,0,0,2,10,3,4.45,13,0.12,0,33,reduced price meals,11,10,0.95,0.69,1.5,4,3,phone,completed,5/8/76,3,10,3,4,5.05,26,0.17,0,reduced price meals,11,11,0.94,0.73,2.32,4,3
218,KFC,1,NJ,Southern NJ,0,0,7,4,2,4.35,26,0.25,0,5,free meals,11,10,0.85,0.74,2.34,3,2,phone,completed,6/8/74,NA,5,3,3,5.05,26,0.25,0,free meals,11,11,0.95,0.73,2.19,3,3
294,Burger King,0,NJ,Northern NJ,0,3,0,35,3,NA,26,0.2,0,70,reduced price meals,7,16,1.06,0.95,0.95,3,3,phone,completed,11/20/73,NA,0,35,3,5.05,26,0.2,0,reduced price meals,7,16,1.05,0.94,0.94,3,2
9,Burger King,0,NJ,Central NJ,0,2,12,40,4,4.37,26,0.15,0,35,reduced price meals,7,16,1.04,0.67,0.85,4,4,phone,completed,10/16/72,NA,0,32,4,5.05,26,0.13,0,reduced price meals,7,16,1.11,0.92,1.01,4,3
172,Burger King,0,NJ,Northern NJ,0,0,0,24,5,4.75,13,0.25,0,0.3,free meals,9,12.5,1.12,1.02,1.06,5,4,phone,completed,10/21/75,2,7,23,3,5.05,8,0.18,0,free meals,9,13,1.11,1.01,1.05,6,3
468,Burger King,0,PA,Northeastern PA,0,0,40,30,3,5,13,0.17,0,0,reduced price meals,6,18,0.95,0.94,0.95,4,3,phone,completed,5/4/73,NA,9,32,4,5,26,0.13,1,reduced price meals,6,18,0.97,0.84,0.86,4,3
407,KFC,1,PA,Northeastern PA,0,0,2,12,3,4.75,52,0.12,0,90,free and reduced price meals,11,10,0.95,0.74,2.33,4,3,phone,completed,4/4/75,NA,1,14,3,4.25,4,0.3,0,free meals,11,11,0.95,0.84,2.53,4,3
430,Burger King,0,PA,Southeastern PA,0,0,20,25,4,4.25,13,0.15,0,44,reduced price meals,7,15,0.95,0.75,0.8,3,3,phone,completed,5/4/73,NA,0,48,3,4.25,26,0.13,0,reduced price meals,7,16,0.91,0.73,0.75,3,3
98,KFC,0,NJ,Central NJ,1,0,0,20,4,4.25,13,0.4,0,80,free and reduced price meals,11,10,1.06,0.8,2.56,3,3,phone,completed,9/16/74,NA,3,13,3,5.05,13,0.45,0,free meals,11,10,1.05,0.9,2.53,3,3
276,KFC,1,NJ,Southern NJ,0,3,5,10,3,5,26,0.25,0,0,reduced price meals,11,10.5,0.95,0.74,2.19,4,3,phone,completed,12/25/74,NA,5,15,3,5.05,26,0.28,0,free and reduced price meals,11,12,0.95,0.73,2.32,5,3
165,Wendys,0,NJ,Northern NJ,0,1,20,10,3,5,15,0.27,1,60,reduced price meals,10.5,12.5,1.06,0.89,1.06,3,2,phone,completed,1/29/76,1,10,17,4,5.05,14,0.13,0,reduced price meals,10.5,12.5,1.05,0.98,1.05,2,2
168,Burger King,0,NJ,Northern NJ,0,0,5,20,4,4.25,4,0.25,1,50,free meals,7,15,1.06,0.95,0.95,3,3,phone,completed,10/21/75,NA,0,32,4,5.25,10,0.18,0,free meals,6,16,1.11,0.95,1.14,3,1
103,Wendys,0,NJ,Northern NJ,0,2,12.5,10,3,5,26,0.27,0,50,reduced price meals,10.5,11.5,0.91,0.85,0.95,2,2,phone,completed,4/4/75,2,NA,NA,2,5.05,13,NA,0,reduced price meals,10.5,12.5,1.05,0.84,1.26,2,2
426,Roy Rogers,1,NJ,Northern NJ,0,0,3,33,5,4.25,26,0.15,0,75,reduced price meals,5,19,1.18,1.02,1.06,5,3,phone,completed,6/8/74,NA,5,25,3,5.05,19,0.25,1,reduced price meals,6,18,1.11,1.05,1.05,6,5
163,Roy Rogers,1,NJ,Northern NJ,0,0,12,18,3,5,13,0.15,0,11,reduced price meals,6,16.5,1.2,1.07,1.06,3,3,phone,completed,9/16/74,NA,1.5,33,3,5.05,26,0.15,0,reduced price meals,7,15,NA,NA,NA,NA,NA
304,Roy Rogers,0,NJ,Northern NJ,0,3,10,20,3,4.5,26,0.37,0,50,reduced price meals,6,17,1.27,1.27,2.24,5,3,phone,completed,9/16/74,NA,10,15,4,5.05,26,0.38,1,free meals,0,24,1.4,1.29,1.05,5,5
313,Burger King,0,NJ,Southern NJ,1,0,11,9,4,4.5,4,0.25,0,80,free meals,7,15,1.06,0.93,0.94,3,2,phone,completed,11/20/73,NA,0,30,NA,5.05,8,0.25,0,free meals,7,15,1,1.01,0.89,3,3
135,Roy Rogers,0,NJ,Central NJ,0,0,10,20,4,NA,26,NA,0,NA,none,9,12.5,NA,NA,NA,5,3,phone,completed,10/21/75,NA,8,24,3,5.05,NA,0.25,0,reduced price meals,10,11.5,1.16,1.06,1.05,5,3
473,Burger King,0,PA,Northeastern PA,0,0,5,27,4,4.75,26,0.5,1,50,reduced price meals,6,17,0.97,0.86,0.89,3,2,phone,completed,1/29/76,1,26,15,2,4.5,19,0.13,0,reduced price meals,6,17,0.97,0.84,0.86,3,3
134,Roy Rogers,0,NJ,Central NJ,0,2,5.5,25,3,4.62,NA,NA,0,42,reduced price meals,6,16,1.09,NA,0.95,4,3,phone,completed,12/25/74,NA,6,27.5,3,5.05,52,0.25,0,reduced price meals,6,16,1.11,1.06,0.94,4,3
149,Burger King,0,NJ,Northern NJ,0,1,0,20,4,4.5,26,0.27,0,50,free and reduced price meals,7,16,1.06,0.95,0.95,2,1,phone,completed,2/28/74,NA,8,10,3,5.05,26,0.25,0,reduced price meals,7,16,1.05,0.94,0.94,2,2
113,Burger King,0,NJ,Central NJ,0,0,0,22,4,NA,NA,NA,1,NA,reduced price meals,7,16,1.06,0.95,1,4,NA,phone,completed,2/28/74,NA,2,40,5,5.05,26,0.28,1,reduced price meals,7,16,1.05,0.9,0.98,3,2
262,Burger King,0,NJ,Southern NJ,0,0,7,13,3,4.25,13,0.25,0,78,reduced price meals,6.5,16.5,1.06,0.95,1.06,4,4,phone,completed,11/20/73,NA,0,22.5,3,5.05,NA,0.25,0,reduced price meals,6.5,17.5,1.08,1.02,0.87,3,3
69,Burger King,0,NJ,Northern NJ,0,0,0,27,3,4.25,13,0.22,0,100,reduced price meals,7,18,1.17,0.95,0.95,4,2,phone,completed,1/29/76,NA,0,27,3,5.05,13,0.2,0,reduced price meals,7,18,1.26,1.01,1,4,2
29,KFC,0,NJ,Northern NJ,0,3,0,7,2,4.5,4,0.25,0,NA,reduced price meals,11,11,1.06,1.01,2.56,3,2,phone,completed,9/16/74,NA,0,13,3,5.05,26,0.25,0,free meals,11,11,1.05,1.05,2.64,3,3
41,Burger King,0,PA,Southeastern PA,0,0,0,27,6,4.25,18,0.2,0,100,reduced price meals,6.5,16.5,0.98,0.82,0.85,3,3,phone,completed,5/8/76,2,0,42,6,4.25,NA,NA,0,reduced price meals,6.5,17.5,0.94,0.78,0.91,3,2
341,KFC,1,NJ,Southern NJ,0,0,2,7,2,4.62,4,0.25,0,33,free meals,11,9.5,0.95,0.74,2.34,3,3,phone,completed,4/4/75,NA,3,7,3,5.05,NA,NA,0,free meals,11,11,0.9,0.84,2.32,4,2
361,Burger King,0,NJ,Southern NJ,0,0,6,13,5,4.25,26,0.22,0,100,reduced price meals,7,16,1.02,0.91,0.85,3,3,phone,completed,5/4/73,NA,4,23,6,5.05,26,0.18,0,reduced price meals,7,16,0.9,0.93,0.92,3,2
145,Burger King,0,NJ,Northern NJ,0,0,5,17,3,5,13,0.15,1,0,reduced price meals,7,16,1.06,0.95,0.95,3,2,phone,completed,2/28/74,NA,10,8,4,5.28,26,0.13,1,reduced price meals,7,16,1.05,0.96,0.95,3,2
521,Burger King,0,PA,Southeastern PA,0,0,2.5,20,3,4.25,13,NA,1,50,reduced price meals,6.5,16.5,NA,NA,0.52,4,4,phone,completed,5/4/73,NA,0,12,8,4.4,13,0.13,1,reduced price meals,7,16,0.41,0.84,0.89,4,2
115,Burger King,0,NJ,Central NJ,0,0,20,25,4,4.75,4,0.3,0,25,free meals,7,17,1.06,0.95,1.06,4,3,phone,completed,2/28/74,NA,6,15,4,5.05,NA,NA,NA,free meals,7,17,1.05,0.95,1.01,4,4
50,KFC,0,PA,Southeastern PA,0,0,6,10,3,4.5,13,NA,0,20,reduced price meals,10,12,1.01,0.89,3.5,4,3,phone,completed,9/16/74,NA,4,20,3,4.75,13,0.1,0,reduced price meals,10,13,1.01,0.89,2.35,4,3
315,Burger King,0,NJ,Southern NJ,0,0,5,19,2,NA,4,0.25,1,65,free and reduced price meals,7,16,1,0.85,0.88,3,2,phone,completed,11/20/73,NA,4.5,20,2,5.05,8,0.08,0,reduced price meals,7,16,1.05,0.84,0.87,3,2
48,Burger King,0,PA,Southeastern PA,0,0,6,20,3,4.25,13,0.2,1,31,free and reduced price meals,7,14,1.01,0.84,0.63,4,3,phone,completed,2/28/74,NA,7.5,25,5,4.38,13,0.25,1,free and reduced price meals,7,14,0.98,0.79,0.87,4,3
363,KFC,0,NJ,Southern NJ,0,2,0,25,3,4.25,18,0.18,0,75,reduced price meals,10.5,12.5,1.06,0.8,2.45,4,3,phone,completed,9/16/74,NA,14,7,2,5.2,4,0.13,0,reduced price meals,10.5,12.5,1.01,0.8,2.43,4,4
522,Burger King,0,PA,Southeastern PA,0,2,2,30,4,4.35,26,0.2,0,75,free and reduced price meals,7,16,1,0.87,0.94,3,3,phone,completed,5/4/73,NA,3,23,3,4.25,26,0.15,0,free and reduced price meals,7,16,1,0.74,0.95,3,3
492,Roy Rogers,1,PA,Northeastern PA,0,0,2,16,3,4.5,13,0.25,0,75,reduced price meals,9,12.5,1.11,1.05,0.94,2,1,phone,completed,6/8/74,NA,4,15,2,4.5,19,0.1,0,reduced price meals,9,12.5,1.11,1.11,1.05,2,1
133,Roy Rogers,1,NJ,Central NJ,0,0,6,16,2,4.75,26,NA,0,99,reduced price meals,6,17,1.12,1.07,1.06,4,3,phone,completed,12/25/74,NA,3,20,3,5.05,26,NA,0,reduced price meals,7,15,1.11,1.06,2.11,5,3
204,Burger King,0,NJ,Northern NJ,0,0,10,8.5,4,4.25,13,0.27,0,31,reduced price meals,6.5,17.5,1.06,1,1.06,3,3,phone,completed,2/28/74,NA,12,13.5,3,5.05,13,0.25,0,reduced price meals,6.5,17.5,1.05,0.99,1.05,3,2
428,Wendys,0,NJ,Northern NJ,0,2,0,33,3,4.62,13,0.12,0,100,reduced price meals,10.5,12.5,1.06,0.98,1.06,2,2,phone,completed,12/25/74,NA,10,24,3,5.14,13,0.1,0,reduced price meals,10.5,12.5,1.05,0.89,2.11,2,2
511,Roy Rogers,1,PA,Northeastern PA,0,0,4,16,3,4.75,9,0.15,0,75,reduced price meals,6,16.5,1.01,0.91,1.05,4,4,phone,completed,6/8/74,NA,3,13,3,4.75,NA,NA,0,reduced price meals,7,15,1.01,1.01,0.89,6,2
448,Burger King,0,PA,Northeastern PA,0,0,8,18,4,4.75,4,0.25,1,78,reduced price meals,6,18,0.97,0.84,0.91,3,3,phone,completed,5/8/76,1,8,27,3,4.5,13,0.25,0,reduced price meals,6,18,0.96,0.83,0.87,3,3
411,Burger King,0,NJ,Northern NJ,0,1,0,36,3,4.5,26,0.1,0,100,reduced price meals,7,16,1.16,1.02,1.09,5,4,phone,completed,10/21/75,NA,4,36,3,5.05,4,0.13,1,reduced price meals,7,16,1.15,1.01,1.01,5,4
451,Burger King,0,PA,Northeastern PA,0,0,10,17,5,5,52,0.25,0,0,reduced price meals,0,24,1.05,0.84,0.96,6,4,phone,completed,1/29/76,2,26,9,6,5,26,0.2,0,reduced price meals,0,24,1.11,0.84,0.94,6,3
406,Wendys,1,NJ,Northern NJ,0,0,12,35,4,5,NA,0.32,0,0,free meals,10.5,11.5,1.02,NA,2.14,2,2,phone,completed,12/25/74,NA,17,22,4,5.5,13,NA,NA,free meals,10.5,12.5,0.84,0.94,1.99,2,2
325,Roy Rogers,1,NJ,Southern NJ,1,0,4,15,4,4.5,10,0.25,0,50,reduced price meals,6,15,1.09,1.06,0.79,6,3,phone,completed,10/21/75,NA,1,15,3,5.05,26,0.1,0,reduced price meals,7,15,1.02,1.01,1.01,6,3
220,KFC,0,NJ,Southern NJ,0,4,3,15,2,4.25,13,0.25,0,50,reduced price meals,11,10,1.06,0.95,2.77,5,3,phone,completed,4/4/75,1,3,12,3,5.05,13,0.13,0,free meals,11,10,1.09,0.9,2.75,4,3
481,KFC,1,PA,Northeastern PA,0,2,5,17.5,3,5.25,26,0.25,1,0,free and reduced price meals,11,10,0.95,0.74,2.53,5,4,phone,completed,1/29/76,2,15,4,3,5,26,0.25,1,reduced price meals,11,11,0.74,0.73,2.53,3,3
226,Wendys,0,NJ,Southern NJ,0,0,0,22,2,4.25,13,0.25,0,60,free meals,10.5,11.5,0.95,0.71,0.95,2,2,phone,completed,1/29/76,1,0,26,2,5.3,52,0.15,0,free meals,10.5,10.5,1,0.85,0.94,2,2
216,KFC,0,NJ,Southern NJ,0,0,2,11,3,4.25,13,0.15,0,100,free meals,11,10.5,1.06,0.95,2.77,4,3,phone,completed,6/8/74,NA,2,18,3,5.05,13,0.2,0,reduced price meals,11,10.5,1.05,0.94,2.75,5,3
151,Burger King,0,NJ,Northern NJ,0,0,1,12,3,5,12,0.1,0,92,reduced price meals,7,15,1.09,0.81,1.04,3,3,personal,closed (permanent),1/7/07,2,0,0,0,NA,NA,NA,NA,NA,NA,NA,NA,NA,NA,NA,NA
156,Burger King,0,NJ,Northern NJ,0,0,8,15,3,4.87,6,0.25,0,0,free meals,7,15,1.06,0.95,1.02,8,3,phone,completed,2/28/74,NA,2,18,2,5.05,NA,0.3,0,reduced price meals,7,15,0.95,0.94,1.01,3,NA
354,Wendys,0,NJ,Southern NJ,0,3,14,7,3,5.06,4,0.25,1,10,free meals,10.5,10.5,0.95,0.86,0.95,2,2,phone,completed,12/25/74,NA,9,7,3,5.05,13,0.23,0,free meals,10.5,10.5,1,0.85,0.94,2,2
295,Burger King,0,NJ,Northern NJ,0,3,8,9,3,4.75,26,0.12,0,100,reduced price meals,6.5,16.5,1.06,0.95,0.95,3,3,personal,completed,11/29/02,1,NA,21,4,5.05,28,0.18,0,reduced price meals,6,18,1.05,0.94,0.94,3,3
275,KFC,1,NJ,Southern NJ,0,0,4,4,4,4.25,9,0.25,0,38,reduced price meals,11,11,0.95,0.79,2.34,4,3,phone,completed,4/4/75,2,1,8,2,5.05,13,0.39,0,free meals,11,10.5,0.94,0.73,2.32,4,2
292,Wendys,0,NJ,Southern NJ,1,2,10,15,3,4.8,26,0.12,0,2,free meals,7,16,0.95,0.92,0.95,2,1,phone,completed,12/25/74,NA,15,11,3,5.05,52,0.25,1,free meals,7,16,1,0.84,2.69,2,2
139,Wendys,0,NJ,Central NJ,0,0,NA,NA,2,5.5,NA,NA,0,NA,reduced price meals,10.5,12.5,0.95,0.95,1.06,2,1,phone,completed,4/4/75,NA,11,25,5,5.5,19,0.25,1,reduced price meals,11,12,NA,NA,NA,NA,NA
353,Roy Rogers,1,NJ,Southern NJ,0,0,7.5,22.5,3,4.37,13,0.22,0,90,reduced price meals,6,16,1.07,0.85,0.95,5,3,personal,completed,8/21/02,4,NA,31,4,5.05,28,NA,0,reduced price meals,6,16,1.01,1.01,0.89,3,3
229,Burger King,0,NJ,Northern NJ,0,2,3,40,3,4.5,26,0.1,0,30,reduced price meals,8.5,13.5,0.95,0.95,1.06,5,4,phone,completed,10/21/75,NA,22,11,3,5.5,26,0.15,1,reduced price meals,8.5,13.5,1.01,0.94,0.94,4,3
446,Burger King,0,PA,Northeastern PA,0,2,NA,NA,3,4.5,4,0.25,0,50,reduced price meals,6,18,1.03,0.84,0.94,NA,NA,phone,completed,5/4/73,NA,7,24,4,5,4,0.25,1,reduced price meals,6,18,0.97,0.84,0.91,4,3
255,Wendys,0,NJ,Southern NJ,0,2,0,14,3,NA,52,0.27,1,10,free meals,7,14,1.01,0.79,0.85,2,2,phone,completed,12/25/74,NA,8,12,2,NA,52,0.14,0,free meals,7,14,1,0.85,2.11,2,2
339,Burger King,1,NJ,Southern NJ,0,2,18,6,2,4.25,26,0.37,0,70,free and reduced price meals,7,16,1.06,0.85,0.95,3,3,phone,completed,10/21/75,NA,5,9,2,5.05,13,0.25,1,free meals,7,16,0.95,0.95,0.95,3,3
310,Wendys,0,NJ,Northern NJ,0,2,0,28,4,4.25,13,0.25,1,61,reduced price meals,10.5,11.5,0.91,0.91,1.94,2,1,phone,completed,12/25/74,NA,3,23,3,5.05,26,0.3,0,reduced price meals,10.5,11.5,0.97,0.9,2.06,2,2
81,Wendys,0,NJ,Northern NJ,0,4,25,13,3,5,26,0.1,0,95,reduced price meals,10,12,1.06,0.98,1.06,2,2,personal,completed,11/29/02,3,0,45,4,5.05,NA,NA,1,reduced price meals,10.5,11.5,1.11,0.98,2.07,2,1
336,Burger King,0,NJ,Southern NJ,0,2,28,12,4,4.5,4,0.2,0,80,reduced price meals,7,15,1.02,0.91,0.93,3,2,phone,completed,11/20/73,NA,10,20,5,5.05,6,0.2,0,reduced price meals,6,16,0.95,1.05,0.94,3,3
49,KFC,0,PA,Southeastern PA,0,0,6.5,6.5,4,NA,26,NA,0,NA,reduced price meals,10,13,1.01,0.9,2.35,4,3,phone,completed,9/16/74,NA,0,15,4,4.45,13,0.05,0,reduced price meals,10,13,1.01,0.89,2.35,4,4
496,Roy Rogers,1,PA,Northeastern PA,0,0,10,15,3,5,13,0.17,1,0,reduced price meals,6,16,1.05,0.9,0.73,5,3,phone,completed,6/8/74,NA,10,10,3,4.75,19,0.18,0,reduced price meals,6,16,1.01,1.01,0.89,NA,NA
372,Burger King,1,NJ,Northern NJ,0,2,0,45,5,NA,26,0.15,1,30,free and reduced price meals,6.5,19,1.1,0.95,1.1,4,NA,phone,completed,1/29/76,1,30,20,5,5.05,8,0.08,0,reduced price meals,6.5,18.5,1.06,1.05,1.04,4,3
124,Burger King,0,NJ,Central NJ,0,1,8,10,3,4.25,13,0.25,0,14,reduced price meals,8,15,1.06,0.91,1.04,2,2,phone,completed,2/28/74,NA,21,6,4,5.05,13,0.5,1,free and reduced price meals,7,15,1.16,0.94,1.12,2,2
212,Burger King,0,NJ,Southern NJ,0,0,11,17.5,3,4.5,13,0.17,0,95,free meals,7,16,1.06,0.88,0.84,3,2,phone,completed,2/28/74,NA,20,15,3,5.05,4,0.53,1,reduced price meals,7,16,1.05,0.94,0.89,2,2
62,Wendys,1,PA,Southeastern PA,0,2,0,31,5,5,26,0.07,0,45,reduced price meals,10,12,0.87,0.77,0.95,2,2,phone,completed,4/4/75,NA,NA,NA,NA,NA,26,NA,0,reduced price meals,10,12,NA,0.84,1.79,3,3
260,Burger King,1,NJ,Southern NJ,0,2,10,20,4,4.25,4,0.17,1,100,reduced price meals,7,16,1.06,0.93,0.88,4,2,phone,completed,11/20/73,NA,4,26,5,5.05,8,0.28,0,reduced price meals,7,16,1.09,0.94,0.93,3,3
178,KFC,1,NJ,Northern NJ,1,0,13,12,3,4.25,52,0.2,1,96,free meals,11,10,0.91,0.85,2.34,3,2,phone,completed,6/7/74,NA,1,10,3,5.05,26,0.25,1,free meals,11,10.5,1.01,0.94,2.64,3,2
23,Burger King,0,NJ,Northern NJ,0,2,0,25,3,4.5,26,0.12,0,75,reduced price meals,7,16,1.06,0.95,0.95,3,2,phone,completed,1/29/76,1,14,14,3,5.05,NA,NA,0,free meals,6.5,16.5,1.05,0.94,0.94,3,2
16,Roy Rogers,0,NJ,Central NJ,0,0,6,22,4,4.5,13,0.25,0,50,reduced price meals,6,17,1,1,NA,5,5,phone,completed,10/16/72,NA,7,17,3,5.05,19,0.25,0,reduced price meals,6,17,1.05,1.01,0.94,5,5
158,KFC,0,NJ,Northern NJ,0,1,2,7,3,4.5,4,0.12,0,55,free meals,11,10,0.92,0.7,2.34,3,3,phone,completed,6/8/74,NA,3,4,4,5.05,13,0.25,0,free meals,11,11.5,0.95,0.94,2.49,3,2
417,Burger King,1,NJ,Northern NJ,0,0,4,28,3,4.25,13,0.2,1,90,reduced price meals,7,16,1.05,0.94,1.07,4,4,phone,completed,11/20/73,NA,13,17,4,5.05,26,0.15,1,free and reduced price meals,7,16,1.11,1.09,1,3,2
449,Burger King,0,PA,Northeastern PA,0,2,0,25,3,4.87,3.5,NA,0,3,reduced price meals,6,18,NA,NA,NA,4,4,phone,completed,5/4/73,NA,15,15,5,5,52,0.25,0,reduced price meals,6,18,0.97,0.84,0.73,3,3
164,Roy Rogers,1,NJ,Northern NJ,0,0,4,30,4,5,26,0.1,0,3,reduced price meals,5,19,1.12,1.02,1.06,5,3,phone,completed,9/16/74,NA,5,15,3,5.05,52,0.15,0,reduced price meals,6,17,1.11,1.06,1.05,5,3
217,KFC,1,NJ,Southern NJ,0,0,2,13,2,4.25,13,0.17,0,73,free meals,11,10,0.95,0.74,2.19,4,3,phone,completed,6/8/74,NA,0,12,3,5.05,26,0.2,0,free meals,10.5,10.5,0.94,0.73,2.32,4,4
421,KFC,1,NJ,Northern NJ,0,3,20,10,8,4.62,4,0.37,0,10,reduced price meals,10.5,13,1.06,0.85,2.34,4,2,phone,completed,1/29/76,3,25,7,8,5.05,4,1,0,reduced price meals,10.5,13,1.05,0.84,2.32,4,2
422,KFC,0,NJ,Northern NJ,0,2,0,7,3,4.75,NA,0.25,0,NA,reduced price meals,10,11,1.06,0.85,2.34,4,2,phone,completed,4/4/75,2,5,10,6,5.05,NA,NA,0,free meals,11,11,1.01,0.84,2.32,4,4
234,Burger King,0,NJ,Northern NJ,0,2,0,10,3,5,26,NA,0,0,reduced price meals,7,16,1.12,NA,0.49,2,2,phone,completed,5/8/76,2,10,4,3,5.05,26,NA,0,reduced price meals,7,16,1.04,1.01,0.58,3,2
42,Burger King,0,PA,Southeastern PA,0,2,17,4,5,4.5,NA,NA,0,100,reduced price meals,6.5,16.5,0.98,0.83,0.86,3,3,phone,completed,1/29/76,1,0,22,5,4.25,26,0.25,0,reduced price meals,6.5,16.5,0.94,NA,NA,3,2
477,Burger King,0,PA,Northeastern PA,0,1,8,28,4,4.25,39,0.12,1,50,reduced price meals,6.5,16.5,0.97,0.78,0.99,3,3,phone,completed,5/4/73,NA,6,20,4,6.25,26,0.5,0,reduced price meals,6,17,0.96,0.84,0.89,3,3
128,KFC,1,NJ,Central NJ,0,3,6.5,7.5,2,5,NA,0.15,0,NA,reduced price meals,11,11,1.06,0.85,2.34,4,2,phone,completed,4/4/75,1,3,16,2,5.05,26,0.25,0,free meals,11,11,1.05,0.79,2.32,3,2
106,Burger King,0,NJ,Northern NJ,0,0,0,35,3,4.25,26,0.27,0,65,free and reduced price meals,7,16,1.06,0.95,0.95,2,1,phone,completed,2/28/74,NA,2,25,3,5.05,26,0.2,0,none,7,16,1.05,0.95,0.95,2,2
21,KFC,0,NJ,Southern NJ,0,0,5,12,3,4.45,6,0.1,0,90,reduced price meals,10.5,10.5,1.06,0.8,2.13,3,3,phone,completed,4/4/75,1,0,11,2,5.05,NA,NA,0,reduced price meals,11,10,0.94,0.94,2.43,3,3
348,Roy Rogers,1,NJ,Central NJ,0,0,3,10.5,3,4.25,13,0.2,0,75,reduced price meals,10.5,10.5,1.02,1.06,0.95,3,2,personal,closed (permanent),9/25/03,1,0,0,0,NA,NA,NA,NA,NA,NA,NA,NA,NA,NA,NA,NA
93,Burger King,1,NJ,Northern NJ,0,0,2.5,30,3,4.25,52,0.15,0,90,reduced price meals,7,16,NA,NA,0.96,NA,NA,phone,completed,2/28/74,NA,5,25,5,5.05,13,0.15,0,reduced price meals,7,16,1.11,1.05,1.05,4,3
472,Burger King,0,PA,Northeastern PA,0,2,37.5,2,3,4.25,52,NA,0,80,reduced price meals,6.5,16.5,0.97,1.05,0.91,3,3,phone,completed,5/4/73,NA,8,25,3,4.9,13,0.18,0,reduced price meals,6,17,0.96,0.84,0.91,3,3
334,Burger King,0,NJ,Southern NJ,0,0,10,10,3,5,4,0.17,0,0,free and reduced price meals,9,12.5,0.91,0.91,0.91,3,3,phone,completed,11/20/73,NA,0,20,3,5.05,26,0.18,NA,free and reduced price meals,9,12.5,0.9,0.9,0.85,3,2
401,Roy Rogers,0,NJ,Northern NJ,0,0,8,6,4,4.25,13,0.17,1,18,reduced price meals,7,16,1.12,1.02,1.02,6,4,phone,completed,1/29/76,2,5,27,4,5.05,26,0.15,0,reduced price meals,6,16,1.12,1.05,1.05,6,4
233,Burger King,0,NJ,Northern NJ,0,0,19,7,3,4.65,13,0.32,0,10,reduced price meals,7,16,1.17,0.95,0.95,2,2,phone,completed,2/28/74,NA,15,7,3,5.05,26,0.25,0,reduced price meals,7,16,1.05,0.94,0.94,2,2
148,Burger King,0,NJ,Northern NJ,0,4,4.5,30,4,5.25,26,0.17,1,0,reduced price meals,7,17,1.06,0.95,0.95,3,2,phone,completed,2/28/74,NA,7.5,30,4,5.05,26,0.2,1,reduced price meals,7,17,1.05,0.94,0.94,3,3
405,Roy Rogers,1,NJ,Northern NJ,0,3,6,17,3,4.32,26,0.12,0,57,reduced price meals,6,17,1.12,1.02,1.06,7,4,phone,completed,10/21/75,NA,1.5,15,3,5.05,26,0.15,0,reduced price meals,7,16,1.12,1.01,1.05,6,3
198,Burger King,0,NJ,Northern NJ,0,0,NA,NA,4,4.25,4,0.12,1,65,free and reduced price meals,7,16,1.06,0.95,0.95,3,3,phone,completed,1/29/76,8,10,32,4,5.05,26,0.15,0,reduced price meals,7,16,1.05,0.94,0.94,3,3
440,Wendys,0,PA,Southeastern PA,0,2,0,25,3,4.25,19,0.15,0,100,reduced price meals,10.5,11.5,0.89,0.79,2.01,2,2,phone,completed,12/25/74,NA,0,30,3,NA,NA,NA,0,reduced price meals,10.5,11.5,1,0.8,1.8,2,2
245,Roy Rogers,0,NJ,Northern NJ,0,3,15,8,3,5.5,NA,NA,0,0,free meals,8.5,13.5,1.2,1.02,1.02,4,2,phone,completed,1/29/76,3,8,12,4,5.05,26,NA,0,free meals,8.5,13,1.11,1.11,1.05,5,1
498,Wendys,1,PA,Northeastern PA,0,2,20,10,3,4.75,26,0.1,1,75,reduced price meals,10,12,0.91,0.84,0.85,2,2,phone,completed,1/29/76,2,21,5.5,3,5,26,NA,1,reduced price meals,10,12,0.98,0.84,0.9,2,2
86,Burger King,0,NJ,Central NJ,0,1,11,11,4,4.25,13,0.25,0,NA,free and reduced price meals,7,15,1.06,0.94,1.1,3,3,phone,completed,2/28/74,NA,9,12,4,5.05,4,0.13,0,free and reduced price meals,7,15,1.05,1.05,1.04,3,3
190,Roy Rogers,1,NJ,Northern NJ,0,0,5,42,4,5,26,0.12,1,NA,reduced price meals,6,16,1.02,1.07,1.06,5,NA,phone,completed,9/16/74,NA,7,30,4,5.05,26,0.18,0,reduced price meals,7,15,1.05,1.01,1.74,5,3
6,Roy Rogers,1,NJ,Central NJ,0,2,2,2,2,5,13,0.25,0,100,free meals,11,7,1.2,1.17,2.35,4,2,phone,completed,1/29/76,1,5,2,2,5.05,13,0.15,0,free meals,10,8,1.11,1.01,2.23,4,2
491,Roy Rogers,0,PA,Northeastern PA,0,0,4,25,2,4.5,13,0.37,0,100,reduced price meals,8.5,13,1.05,0.91,0.95,3,2,personal,closed (permanent),1/7/07,3,0,0,0,NA,NA,NA,NA,NA,NA,NA,NA,NA,NA,NA,NA
322,Roy Rogers,1,NJ,Southern NJ,1,0,8,13,4,4.75,13,0.15,0,25,reduced price meals,6,16,1.06,1.06,1.02,6,2,phone,completed,10/21/75,1,12,5,4,5.05,13,NA,0,reduced price meals,7,15,0.96,1.01,0.94,6,3
268,Burger King,1,NJ,Southern NJ,0,1,10,18,4,5,26,0.17,1,0,reduced price meals,7,15,1.02,0.85,0.85,5,4,phone,completed,11/20/73,NA,0,42.5,2,5.05,26,0.25,1,reduced price meals,7,15,0.94,0.78,0.84,4,4
257,Burger King,0,NJ,Southern NJ,1,2,20,10,3,4.25,39,0.2,0,10,reduced price meals,7,16,1.02,0.88,0.91,2,2,personal,closed (renovations),8/21/02,2,NA,NA,NA,NA,NA,NA,NA,NA,NA,NA,NA,NA,NA,NA,NA
493,Roy Rogers,1,PA,Southeastern PA,0,0,27,12,3,5,26,0.25,0,0,reduced price meals,6,16,1.05,0.9,2.01,6,3,phone,completed,6/8/74,NA,0,30,4,4.9,13,0.25,0,reduced price meals,6,16,1.02,1.01,0.84,3,3
297,Burger King,1,NJ,Northern NJ,0,1,9,15,3,4.25,13,0.05,0,100,reduced price meals,7,16,1.06,0.91,0.98,3,3,phone,completed,1/29/76,2,15,30,4,5.05,26,0.15,0,reduced price meals,7,16,1.05,0.94,0.98,3,2
179,KFC,0,NJ,Northern NJ,0,2,2,12,3,4.25,13,0.25,1,90,free meals,10.5,10.5,0.91,0.91,2.34,3,3,phone,completed,5/8/76,3,2,10,4,5.05,26,0.2,0,free meals,10.5,11,0.94,0.84,2.49,3,3
33,Roy Rogers,0,NJ,Northern NJ,0,0,12,20,4,5,26,0.25,0,7,reduced price meals,6,17,1.02,1.07,0.95,5,4,phone,completed,12/25/74,NA,6,11,5,5.05,NA,0.2,0,reduced price meals,6,17,1.11,1.06,1.05,4,2
131,Roy Rogers,0,NJ,Central NJ,0,2,15,25,4,5.5,4,0.37,1,10,reduced price meals,6,17,1.06,1.06,1.06,5,2,personal,completed,3/9/03,2,8,22,3,5.05,NA,NA,0,reduced price meals,7,15,1.05,1.11,1.05,5,4
4,Roy Rogers,0,NJ,Central NJ,0,0,10,12,3,4.75,4,0.25,0,50,reduced price meals,9,12.5,1.06,1,2.13,8,4,phone,completed,10/16/72,NA,5,30,4,5.05,26,0.28,0,reduced price meals,8,13.5,1.22,1.37,0.89,6,4
173,Burger King,0,NJ,Northern NJ,0,3,6,40,10,4.85,26,0.15,0,50,reduced price meals,6.5,17.5,1.06,0.95,0.98,4,3,phone,completed,1/29/76,1,11,30,5,5.05,26,0.15,0,reduced price meals,6,18,1.05,0.94,1.04,4,3
192,Wendys,0,NJ,Northern NJ,0,2,20,10,4,4.87,26,0.17,1,10,reduced price meals,10,12,0.91,0.85,1.06,2,2,phone,completed,12/25/74,NA,4.5,30,3,5.25,19,0.18,0,reduced price meals,10.5,12.5,1.05,0.84,1.26,2,2
284,Roy Rogers,1,NJ,Southern NJ,0,1,5,23,4,4.5,13,0.25,1,88,reduced price meals,6,16,1.02,0.91,0.91,5,4,phone,completed,10/21/75,1,6,12,3,5.05,26,0.28,0,reduced price meals,6,16,1.01,1.01,0.94,4,3
207,KFC,1,NJ,Northern NJ,0,0,8,10,4,4.75,8,0.25,0,25,free meals,11,12,1.06,0.85,2.34,4,2,phone,completed,6/8/74,NA,8.5,6,2,5.2,52,0.5,1,free meals,11,12,1.05,0.84,2.32,5,3
202,Burger King,0,NJ,Northern NJ,0,2,30,14,4,4.25,4,0.37,1,15,reduced price meals,6,19,1.17,0.95,0.63,3,3,phone,completed,10/21/75,NA,13,11,4,5.05,4,0.08,0,free and reduced price meals,6,19,1.15,0.95,0.64,3,3
414,Burger King,0,NJ,Northern NJ,0,0,0,36,5,4.25,26,NA,0,45,free meals,7,16,1.06,0.95,1.11,4,2,phone,completed,10/21/75,NA,13,9,4,5.05,26,0.38,1,free and reduced price meals,7,16,1.15,0.95,1.13,4,3
349,Roy Rogers,1,NJ,Southern NJ,0,1,2.5,27,5,5,6,0.15,0,10,reduced price meals,6,16,1.12,0.91,0.95,3,3,phone,completed,6/8/74,NA,0,20,4,5.05,4,0.18,0,reduced price meals,7,15,1.01,1.01,0.94,3,3
186,Roy Rogers,0,NJ,Northern NJ,0,3,10,20,4,4.75,26,0.15,1,50,reduced price meals,6,16,1.12,1.02,0.95,5,3,phone,completed,5/8/76,3,12,18,4,5.05,26,NA,0,reduced price meals,6,16,1.17,1.06,0.95,5,3
191,Wendys,0,NJ,Northern NJ,0,0,30,20,4,NA,NA,NA,0,NA,reduced price meals,10.5,12,1.06,0.95,1.06,NA,1,phone,completed,1/29/76,1,0,25,4,5.05,6,0.25,1,reduced price meals,10.5,12,1.02,0.94,1.05,2,2
3,KFC,0,NJ,Central NJ,0,3,6,13,3,4.25,13,0.25,1,50,reduced price meals,11,10,1.06,0.95,3.09,5,3,phone,completed,1/29/76,2,4,7,3,5.05,26,0.25,0,free meals,11,11,1.05,0.94,2.75,5,3
181,KFC,0,NJ,Northern NJ,0,0,0,13,3,NA,NA,NA,0,100,free meals,10.5,11,0.91,0.79,2.34,3,2,phone,completed,6/8/74,NA,1,15,2,5.05,NA,0.25,0,free meals,10.5,11,0.95,0.9,2.49,3,2
253,Roy Rogers,1,NJ,Southern NJ,0,0,7,7,3,4.87,52,NA,0,NA,reduced price meals,7,13,1.23,1.06,2.3,2,2,phone,completed,6/8/74,NA,4,8,6,5.05,52,0.23,NA,reduced price meals,7,16,1.23,1.11,2.28,3,2
209,Roy Rogers,1,NJ,Northern NJ,0,0,4,36,4,4.25,26,0.12,0,75,reduced price meals,6,18,1.17,0.95,0.95,5,5,phone,completed,6/8/74,NA,6,37,4,5.05,26,0.2,0,reduced price meals,7,16,1.11,1.06,1.05,5,5
8,Wendys,0,NJ,Central NJ,0,0,NA,25,4,4.8,NA,0.15,0,NA,free meals,10.5,12,1.02,0.91,2.28,2,1,phone,completed,10/16/72,NA,15,25,3,5.05,26,0.33,0,reduced price meals,10,13,1.01,1.01,0.94,2,2
152,Burger King,0,NJ,Northern NJ,0,0,35,15,4,5.12,9,0.67,1,10,free meals,7,15,1.17,0.95,1.02,3,2,phone,completed,2/28/74,NA,12,13.5,5,5.05,13,0.28,0,reduced price meals,7,15,1.16,0.94,0.94,3,3
228,Wendys,0,NJ,Southern NJ,0,0,3,28.5,3,4.5,13,0.2,1,20,free and reduced price meals,10.5,12.5,0.95,0.86,0.95,2,2,phone,completed,12/25/74,NA,11,19,3,5.05,NA,NA,0,free meals,10.5,12.5,1,0.84,0.89,2,NA
419,KFC,1,NJ,Northern NJ,0,4,3,10,4,4.25,NA,0.5,0,15,reduced price meals,11,11,1.06,0.85,2.34,4,4,personal,completed,11/29/02,4,5,5,2,5.05,NA,NA,0,free meals,11,11,1.05,0.84,2.53,4,3
170,Burger King,1,NJ,Northern NJ,0,1,10,20,3,5,52,0.52,0,0,reduced price meals,7,16,1.1,1.02,1.08,3,2,phone,completed,2/28/74,NA,20,20,4,5.05,4,NA,0,free meals,7,16,1.29,1.11,1.18,4,4
144,Wendys,0,NJ,Central NJ,0,2,10,30,3,5.05,26,0.15,1,0,reduced price meals,10.5,12.5,0.91,0.85,1.06,2,2,phone,completed,1/29/76,1,4,37,3,5.05,26,0.35,1,reduced price meals,10.5,12.5,0.94,0.94,1.26,2,2
30,KFC,0,NJ,Northern NJ,0,4,6,4,2,5,13,0.37,0,0,free meals,11,10,1.06,1.06,2.53,2,2,phone,completed,9/16/74,NA,4,3,2,5.05,19,0.25,1,free meals,11,10,0.94,0.92,2.69,2,2
223,Roy Rogers,1,NJ,Southern NJ,0,2,3,18,3,4.75,13,0.25,0,30,reduced price meals,6,16,NA,NA,NA,3,2,personal,completed,9/25/03,2,3,20,3,5.05,28,0.25,0,reduced price meals,7,15,1.01,1.01,0.94,3,2
444,Wendys,0,PA,Southeastern PA,0,2,12,20,3,4.25,19,0.37,0,NA,reduced price meals,10.5,12.5,0.89,0.8,0.84,2,2,phone,completed,12/25/74,NA,10,35,4,4.5,4,0.3,0,reduced price meals,10.5,11.5,0.89,NA,0.79,2,2
180,KFC,0,NJ,Northern NJ,1,0,8,3,4,4.5,26,0.25,0,30,reduced price meals,11,11,1.06,1.01,2.66,4,2,phone,completed,6/8/74,NA,0,17.5,4,5.05,NA,NA,0,reduced price meals,11,12,1.05,1.05,2.85,4,4
15,Roy Rogers,0,NJ,Central NJ,0,3,3,25,4,4.6,9,0.15,1,95,reduced price meals,6,17,1.02,0.98,0.95,5,4,personal,completed,7/17/01,5,5,20,3,5.05,NA,0.25,0,reduced price meals,6,17,1.05,1.01,2,3,3
174,Burger King,0,NJ,Northern NJ,1,2,11,20,4,4.75,26,0.15,0,50,reduced price meals,7,16,1.18,0.88,0.98,4,3,phone,completed,2/28/74,NA,20,20,3,5.05,4,0.2,0,reduced price meals,7,16,1.05,0.9,0.98,3,3
415,Burger King,0,NJ,Northern NJ,0,0,8,32,5,4.25,9,NA,1,65,reduced price meals,7,16,1.06,0.91,0.98,5,3,phone,completed,5/4/73,NA,0,38,4,5.05,52,NA,0,reduced price meals,7,16,1.05,0.9,1.04,4,2
470,Burger King,0,PA,Northeastern PA,0,0,10.5,30,3,5.5,NA,0.3,0,0,reduced price meals,6,18,0.97,0.84,0.94,3,3,phone,completed,1/29/76,2,18,10,3,4.75,13,0.15,1,reduced price meals,6,18,1.03,0.84,0.94,3,2
45,Burger King,0,PA,Southeastern PA,0,0,0,24,6,4.25,2,0.25,0,25,reduced price meals,7,16,0.98,0.83,0.86,3,3,phone,completed,2/28/74,NA,11,12,2,4.25,26,0.15,0,free and reduced price meals,6.5,17.5,0.98,0.75,0.86,3,3
335,Burger King,1,NJ,Southern NJ,0,0,9,10,3,NA,13,0.17,0,100,free meals,6,17,1.06,0.92,0.92,5,2,phone,completed,5/8/76,3,7,13,3,5.05,26,0.13,0,free meals,6,17,1.05,0.94,0.94,5,2
318,KFC,0,NJ,Southern NJ,1,3,5,7,3,4.75,13,0.25,1,36,reduced price meals,11,12,1.23,0.98,2.61,3,3,phone,completed,9/16/74,NA,7,6,4,5.05,13,0.5,1,free meals,10.5,11.5,1.11,0.95,2.59,3,3
356,Wendys,0,NJ,Southern NJ,0,3,11.5,10,4,5.05,13,NA,1,0,free meals,10.5,11.5,0.95,0.8,1.06,2,2,phone,completed,4/4/75,NA,0,28,4,5.05,17,0.15,1,free meals,10.5,11.5,1,0.85,1.05,2,2
236,Burger King,0,NJ,Northern NJ,0,3,0,34,4,NA,17,NA,0,95,free meals,7,17,1.18,1.02,1.06,4,3,phone,completed,1/29/76,2,23,22,4,5.05,8,0.28,1,free meals,7,18,1.1,1.01,0.99,4,3
410,Burger King,0,NJ,Northern NJ,0,0,0,35,3,4.25,26,0.1,0,NA,free and reduced price meals,7,16,1.04,1.12,1.02,4,3,phone,completed,10/21/75,NA,0,35,3,5.05,26,0.1,1,reduced price meals,7,16,1.19,0.98,1.01,4,3
240,Roy Rogers,1,NJ,Northern NJ,0,0,15,35,3,5.1,26,0.25,0,20,reduced price meals,6,17,1.18,1.02,1.06,6,4,phone,completed,10/21/75,1,15,15,3,5.05,26,0.15,0,reduced price meals,6,17,1.1,1,1.05,6,4
509,Roy Rogers,1,PA,Northeastern PA,0,2,3,16,3,5,13,0.25,0,30,reduced price meals,6,16,1.05,0.95,1.16,6,3,phone,completed,6/8/74,NA,5.5,10,3,4.25,26,0.2,0,reduced price meals,6.5,15.5,1,1.01,0.94,3,2
376,Burger King,0,NJ,Northern NJ,0,3,4,10,4,4.5,13,0.1,0,NA,reduced price meals,8,14,0.95,0.95,0.96,8,4,phone,completed,1/29/76,2,0,17,3,5.05,15,0.2,1,reduced price meals,8,14,1.26,1.01,1,3,3
211,Burger King,0,NJ,Southern NJ,0,2,3,28,4,4.5,13,NA,0,80,reduced price meals,7,15,1.02,0.95,0.95,3,3,phone,completed,10/21/75,NA,2,35,4,5.05,4,NA,0,reduced price meals,7,15,NA,0.9,NA,3,2
80,Wendys,0,NJ,Northern NJ,0,1,4.5,20,NA,4.25,26,0.25,0,90,reduced price meals,10.5,11.5,1.06,0.98,1.06,2,2,phone,completed,4/4/75,2,11,14,3,5.05,13,0.1,0,reduced price meals,10.5,12.5,1.12,0.98,0.99,2,1
85,Burger King,0,NJ,Central NJ,1,3,7,20,3,5.5,26,0.52,0,1,free meals,9,12.5,1.12,1.02,1.02,5,4,phone,completed,10/21/75,NA,0,35,3,5.05,26,0.18,0,free meals,9,12.5,1.11,1.01,1.05,5,1
59,Wendys,0,PA,Southeastern PA,0,3,0,15,3,4.25,26,0.1,0,90,free meals,7.5,10.5,0.91,0.89,0.81,2,2,phone,completed,4/4/75,1,0,16,4,4.25,26,0.1,0,free meals,7.5,10.5,1.01,0.84,0.86,2,2
114,Burger King,0,NJ,Central NJ,0,2,0,35,5,4.75,26,0.57,1,50,reduced price meals,7,16,1.07,0.95,0.95,3,NA,phone,completed,1/29/76,1,20,40,4,5.25,26,0.25,0,reduced price meals,6.5,16.5,1.11,0.94,0.94,3,3
67,Burger King,0,NJ,Northern NJ,0,0,5,15,6,4.5,13,0.25,0,55,free meals,8,13.5,1.17,1.06,1.17,3,2,phone,completed,2/28/74,NA,4,17.5,5,5.05,NA,NA,0,free meals,8,13.5,1.32,1.05,1.22,3,3
10,Burger King,0,NJ,Central NJ,0,0,15,20,4,4.25,39,0.17,0,80,reduced price meals,7,16,1.04,0.85,0.85,3,3,phone,completed,10/16/72,NA,15,15,4,5.05,4,0.28,0,reduced price meals,7,16,0.94,0.87,0.94,3,2
454,KFC,1,PA,Northeastern PA,0,0,1,9,3,4.5,4,0.15,0,NA,reduced price meals,11,10,0.94,0.73,2.53,4,3,phone,completed,9/16/74,NA,0,18,5,5,13,0.25,0,free meals,11,11,0.94,0.73,2.64,4,3
28,KFC,0,NJ,Northern NJ,0,6,0,14,1,4.5,NA,0.25,0,10,reduced price meals,11,10,1.06,1.17,2.56,2,1,phone,completed,5/8/76,3,6,2,3,NA,NA,NA,0,free meals,11,10,NA,1.05,2.64,3,2
290,Wendys,0,NJ,Southern NJ,0,1,8,12,3,4.75,26,0.1,0,35,free and reduced price meals,10.5,12.5,0.95,0.89,0.95,2,2,phone,completed,12/25/74,1,0,23,2,5.05,NA,NA,0,free meals,10.5,11.5,1,0.85,0.94,2,2
214,Burger King,0,NJ,Southern NJ,0,0,2,30,3,4.62,6.5,0.25,0,75,reduced price meals,7,16,1.02,0.89,0.91,2,2,phone,completed,5/8/76,1,0,35,5,5.05,NA,NA,0,reduced price meals,6.75,16.25,1.04,0.93,0.96,3,2
75,KFC,0,NJ,Northern NJ,0,0,3,15,3,4.25,4,0.25,0,0,reduced price meals,11,11,1.17,1.27,2.77,3,3,phone,completed,9/16/74,NA,4,11,3,5.05,6,0.25,1,reduced price meals,11,11,1.16,1.16,2.75,3,3
272,KFC,1,NJ,Southern NJ,0,4,4,11,3,5.05,4,0.2,0,0,free meals,11,11,0.95,0.74,2.34,4,2,phone,completed,4/4/75,1,2,14,3,5.25,26,0.2,0,reduced price meals,11,12,0.94,0.73,2.32,4,3
143,Wendys,0,NJ,Central NJ,0,3,0,30,3,5.37,26,0.25,1,15,reduced price meals,10.5,11.5,0.95,0.95,1.06,2,2,personal,closed (highway constr.),3/9/03,2,NA,NA,NA,NA,NA,NA,NA,NA,NA,NA,NA,NA,NA,NA,NA
239,KFC,0,NJ,Northern NJ,0,1,15,4,3,4.25,13,0.25,0,35,free meals,10.5,13.5,1.05,0.95,2.74,5,3,phone,completed,9/16/74,NA,0,19,2,5.05,26,0.28,0,free meals,10.5,12.5,1.05,0.84,2.32,5,3
400,Roy Rogers,1,NJ,Northern NJ,0,0,16,15,3,4.5,39,0.5,0,50,free and reduced price meals,6,17,1.2,1.06,1.06,5,5,phone,completed,6/8/74,NA,8,24,3,5.05,41,0.15,0,reduced price meals,7,16,1.17,1.01,1.05,5,3
258,Burger King,0,NJ,Southern NJ,0,0,4,22,3,4.25,8,0.15,0,38,reduced price meals,7,16,1.06,0.92,0.9,3,3,phone,completed,11/20/73,NA,20,18,3,5.05,13,NA,0,reduced price meals,6,18,1.08,0.94,0.84,3,3
466,Wendys,0,PA,Northeastern PA,0,2,8,17.5,4,4.75,17,0.3,1,65,free and reduced price meals,10.5,11.5,0.94,0.8,0.94,2,2,phone,completed,5/8/76,5,14,12,3,NA,52,NA,0,free meals,10.5,11.5,0.94,NA,NA,2,2
343,KFC,1,NJ,Southern NJ,0,0,10,6,2,4.75,26,0.25,0,43,reduced price meals,11,10.5,0.95,0.74,2.34,4,3,phone,completed,5/8/76,4,4,11,2,5.05,6,0.15,0,reduced price meals,11,12,0.95,0.85,2.32,4,3
249,Burger King,0,NJ,Southern NJ,1,1,6,6,4,4.37,4,0.25,0,63,free meals,7,15,1.13,1.06,0.95,3,2,phone,completed,11/20/73,NA,10,12,3,5.05,4,0.1,0,free meals,7,15,1.01,1.01,0.94,3,2
326,Roy Rogers,1,NJ,Southern NJ,1,3,18,45,5,5.15,11,0.15,0,7,reduced price meals,0,24,1.26,0.99,NA,4,3,phone,completed,5/8/76,1,0,45,4,5.05,NA,NA,0,reduced price meals,0,24,1.22,NA,1.05,4,2
398,Roy Rogers,1,NJ,Northern NJ,0,1,14,13,4,4.75,13,0.15,0,25,reduced price meals,6,17,1.12,1.06,1.06,5,4,personal,completed,7/17/01,2,25,15,3,5.05,28,NA,0,reduced price meals,6,17,1.11,1.06,1.05,5,3
474,Burger King,0,PA,Northeastern PA,0,2,6,9,3,5,26,0.37,0,0,reduced price meals,9,12.5,1.13,0.98,1.01,3,1,personal,completed,10/29/04,1,5,20,3,4.5,NA,0,0,reduced price meals,8.5,13,1.09,0.94,0.94,3,2
248,Wendys,0,NJ,Northern NJ,0,2,8,16,6,4.75,13,0.37,0,NA,reduced price meals,10,16,1.17,0.95,0.85,2,2,phone,completed,12/25/74,NA,10,14,6,5.05,26,0.25,0,reduced price meals,10,16,1.37,0.95,2.03,2,1
413,Burger King,0,NJ,Northern NJ,0,0,0,36,5,4.25,9,0.5,0,100,free meals,6,17,1.12,1.02,1.06,4,3,phone,completed,5/4/73,NA,0,20,3,5.05,26,0.13,1,free meals,7,17,1.11,1.01,1.05,4,2
306,Roy Rogers,1,NJ,Northern NJ,0,0,15,15,3,NA,17,NA,0,NA,reduced price meals,6,17,1.02,NA,1.06,4,4,phone,completed,1/29/76,1,6,20,3,5.05,26,0.23,0,reduced price meals,6,18,1.11,1.05,1.05,NA,2
359,Burger King,1,NJ,Southern NJ,0,1,0,22,4,4.25,26,0.17,0,100,reduced price meals,7,15,1.02,0.85,0.82,3,3,phone,completed,10/21/75,NA,0,26,4,5.05,26,0.25,0,reduced price meals,7,16,1.05,0.87,0.82,3,2
274,KFC,1,NJ,Southern NJ,0,0,0,15,2,5.5,26,0.12,0,27,reduced price meals,11,10,0.91,0.74,2.34,4,3,phone,completed,12/25/74,NA,3,7,3,5.05,26,0.2,0,free meals,11,11,NA,NA,2.32,NA,NA
37,Burger King,0,PA,Southeastern PA,0,2,21,9,7,4.25,4,0.25,0,33,reduced price meals,6.5,16.5,0.98,0.84,0.84,5,3,phone,completed,2/28/74,NA,6,25,7,4.25,52,0.18,0,reduced price meals,6.5,16.5,0.98,0.84,0.86,6,3
64,Burger King,0,NJ,Northern NJ,0,1,20,15,3,4.5,26,0.2,0,60,free and reduced price meals,7,16,1.06,0.95,0.95,3,2,phone,completed,2/28/74,NA,13,13,3,5.05,26,0.25,0,reduced price meals,7,16,1.05,0.95,0.95,3,3
58,Wendys,1,PA,Southeastern PA,0,2,8,25,3,4.75,26,0.15,0,80,reduced price meals,10,12,0.87,0.77,1.01,2,2,phone,completed,4/4/75,2,0,28,4,4.5,26,0.08,1,reduced price meals,10,12,1.04,0.84,0.94,2,2
71,Burger King,0,NJ,Northern NJ,0,1,0,35,3,4.75,13,0.25,0,100,free and reduced price meals,7,17,1.06,0.95,0.95,3,2,phone,completed,10/21/75,NA,29,14,3,5.05,26,0.18,1,free and reduced price meals,7,17,1.05,0.95,0.95,3,2
38,Burger King,0,NJ,Central NJ,0,0,15,20,5,4.25,17,0.15,0,100,reduced price meals,6,17,1.05,0.95,0.98,3,2,phone,completed,2/28/74,NA,10,20,6,5.05,NA,0.25,0,free and reduced price meals,6.5,17.5,0.98,0.82,0.76,3,2
187,Roy Rogers,0,NJ,Northern NJ,1,0,4,20,3,5.62,26,0.52,0,2,reduced price meals,7,15,1.12,1.09,1.06,4,3,phone,completed,9/16/74,NA,5,17.5,3,5.05,13,0.2,0,reduced price meals,7,15,1.11,1.06,1.05,4,4
230,Burger King,0,NJ,Northern NJ,0,0,0,25,3,4.25,26,0.1,0,60,free meals,7,17,1.02,0.95,0.95,3,2,phone,completed,10/21/75,NA,15,17,3,5.05,26,0.18,0,free meals,7,17,1.05,0.94,0.94,3,2
299,KFC,1,NJ,Northern NJ,0,0,3,8,2,5,26,NA,0,0,free meals,10.5,11.5,1.06,0.85,2.34,3,2,phone,completed,1/29/76,1,6,12,2,5.05,13,0.25,0,free meals,11,11.5,1.05,0.84,2.32,3,2
282,Roy Rogers,1,NJ,Southern NJ,0,2,2,14,3,4.25,13,0.13,0,25,reduced price meals,6,16,1.06,0.91,0.79,4,3,personal,closed (permanent),8/21/02,1,0,0,0,NA,NA,NA,NA,NA,NA,NA,NA,NA,NA,NA,NA
386,Burger King,0,NJ,Northern NJ,0,0,0,19,3,4.25,39,0.25,0,NA,free meals,7,17,1.06,0.95,0.95,3,2,phone,completed,10/21/75,NA,14,10,4,5.05,26,0.25,0,free meals,7,17,1.05,0.95,0.95,4,2
303,Roy Rogers,1,NJ,Northern NJ,0,0,10,35,3,4.35,26,0.27,1,28,reduced price meals,6,17,1.12,1,1.02,6,5,phone,completed,10/21/75,NA,12,35,3,5.05,13,0.15,0,reduced price meals,7,16,1.05,1.05,1.05,5,3
485,KFC,1,PA,Northeastern PA,0,2,1,9,3,4.5,26,0.37,0,80,reduced price meals,11,10,0.95,0.74,2.33,4,3,phone,completed,9/16/74,NA,4,12,3,4.5,19,NA,0,reduced price meals,11,11,1.01,0.73,2.32,4,3
434,Burger King,0,PA,Southeastern PA,0,2,15,50,5,4.25,6,0.25,0,77,reduced price meals,7,16,0.95,0.75,NA,3,3,phone,completed,10/21/75,NA,19,29,4,4.25,NA,NA,0,reduced price meals,7,16,0.95,0.8,0.8,3,3
193,Wendys,0,NJ,Northern NJ,1,3,1,13,3,4.5,13,0.12,1,NA,reduced price meals,10,11,0.95,0.85,0.99,2,1,phone,completed,1/29/76,2,4,9,3,5.05,26,0.13,1,reduced price meals,9,13,1.01,0.9,1.26,2,1
200,Burger King,0,NJ,Northern NJ,0,0,0,60,3,4.25,9,0.2,1,15,reduced price meals,6,18,1.06,0.91,0.98,4,3,phone,completed,2/28/74,NA,5,40,4,5.05,52,0.25,0,reduced price meals,6.5,17.5,1.05,0.94,0.98,5,4
18,Roy Rogers,0,NJ,Central NJ,0,2,15,25,3,4.25,13,NA,0,50,reduced price meals,6,17,NA,NA,NA,4,4,phone,completed,10/16/72,NA,8,38,5,5.05,NA,0.25,1,reduced price meals,6,17,1.05,1,0.63,7,7
26,Burger King,0,NJ,Northern NJ,0,3,30,15,4,5.56,6,NA,1,NA,reduced price meals,7,16,1.06,0.91,0.98,4,2,phone,completed,1/29/76,2,10,20,4,5.05,NA,NA,0,reduced price meals,7,16,1.01,0.94,0.94,5,4
208,Roy Rogers,1,NJ,Northern NJ,0,1,12,32,4,4.62,26,0.15,0,95,reduced price meals,6,17,1.19,0.94,0.85,4,4,phone,completed,1/29/76,2,5,32,3,5.05,26,NA,0,reduced price meals,8,14,1.06,1.06,1.05,5,5
225,Roy Rogers,1,NJ,Southern NJ,0,0,3,27,3,4.75,13,0.2,0,25,reduced price meals,6,17,1.06,0.91,0.91,6,3,phone,completed,6/8/74,NA,12,25,4,5.05,4,0.1,0,reduced price meals,6,17,1.01,1.01,0.94,5,3
287,Roy Rogers,1,NJ,Southern NJ,0,2,3,18,3,4.5,13,0.17,0,70,reduced price meals,6,16,1.06,0.91,0.95,5,3,phone,completed,9/16/74,NA,2,15,3,5.05,4,0.15,0,reduced price meals,6,16,1.01,1.01,0.94,5,3
79,Roy Rogers,1,NJ,Northern NJ,0,4,6,25,3,4.5,26,0.15,0,30,reduced price meals,6,17,1.17,1.02,1.06,5,4,phone,completed,12/25/74,NA,8,18,3,5.05,41,0.13,0,reduced price meals,7,16,1.11,1.06,1.05,5,4
132,Roy Rogers,1,NJ,Central NJ,0,0,20,20,5,4.5,26,0.25,0,80,reduced price meals,0,24,1.28,1.06,2.3,5,3,phone,completed,10/21/75,NA,15,20,3,5.5,52,0.25,0,reduced price meals,7,14,NA,NA,NA,2,2
46,Burger King,0,PA,Southeastern PA,0,0,30,15,3,NA,19,NA,1,NA,reduced price meals,6.5,16.5,1.03,1.03,0.52,3,3,phone,completed,1/29/76,1,3.5,35,3,4.3,26,0.08,1,reduced price meals,6.5,16.5,1.03,NA,0.94,4,4
337,Burger King,1,NJ,Southern NJ,0,0,5,29.5,5,4.87,NA,0.3,0,90,free and reduced price meals,7,17,1.06,0.93,0.93,4,3,phone,completed,11/20/73,NA,25,5,3,5.05,26,NA,0,reduced price meals,7,17,NA,NA,NA,NA,NA
247,Wendys,0,NJ,Northern NJ,0,3,0,40,4,4.5,13,0.1,0,75,reduced price meals,10.5,15.5,1.06,1.05,1.06,2,2,personal,completed,6/17/03,7,0,40,4,5.05,NA,NA,1,reduced price meals,10.5,15.5,1.11,1.09,2.07,2,2
104,Wendys,0,NJ,Central NJ,1,0,40,20,3,4.62,4,0.32,1,50,reduced price meals,10.5,11.5,0.95,0.84,0.94,2,2,phone,completed,4/4/75,1,11,10,3,5.05,26,0.08,1,reduced price meals,10.5,12.5,1,0.84,0.94,2,2
316,Burger King,1,NJ,Southern NJ,1,0,15,15,3,4.62,8,0.25,0,10,reduced price meals,7,16,1.06,0.92,0.87,3,2,phone,completed,10/21/75,NA,12,14,3,5.05,26,0.15,1,reduced price meals,7,16,1.05,0.94,0.94,NA,NA
199,KFC,0,NJ,Northern NJ,0,0,0,12,3,4.35,NA,0.12,0,25,free meals,11,10,0.85,0.8,2.34,4,3,phone,completed,6/8/74,NA,11,3,4,5.05,2,0.45,NA,free meals,11,10.5,0.91,0.9,2.45,4,3
120,Burger King,1,NJ,Central NJ,0,3,0,32,3,4.5,NA,NA,0,NA,reduced price meals,7,16,1.13,0.98,1.04,3,2,phone,completed,8/16/76,3,0,30,4,5.05,NA,NA,0,reduced price meals,7,16,1.05,1.05,1.05,3,2
370,Burger King,0,NJ,Northern NJ,0,0,20,11.5,3.3,4.85,18,0.25,0,80,free and reduced price meals,7,16,1.06,0.95,0.95,3,2,phone,completed,5/4/73,NA,26,5,3,5.05,NA,0.1,1,free and reduced price meals,7,16,NA,NA,NA,3,2
488,Roy Rogers,0,PA,Northeastern PA,0,1,20,13,3,5,13,0.25,1,0,reduced price meals,6,16,1.05,0.79,1.01,5,5,phone,completed,6/8/74,NA,5,15,3,4.75,26,0.13,0,reduced price meals,7,15,1.01,1.01,0.94,5,3
112,Wendys,0,NJ,Northern NJ,0,0,4,26,3,5,13,0.2,0,80,reduced price meals,10,14,1.06,0.98,1.06,2,2,personal,completed,5/13/02,9,5,25,6,5.05,28,0.18,0,reduced price meals,10.5,12.5,1.11,1.09,2.07,NA,NA
122,Burger King,0,NJ,Northern NJ,0,0,1,38,5,4.25,4,0.2,0,70,free meals,9,12.5,NA,1.12,1.12,5,3,phone,completed,2/28/74,NA,10,50,6,5.05,26,0.1,0,free meals,9,12.5,1.15,0.94,1.15,6,4
391,KFC,0,NJ,Northern NJ,0,3,15,5,2,4.25,6,0.12,0,12,reduced price meals,11,10,1.06,1.06,2.66,3,3,phone,completed,4/4/75,2,12,7,2,5.05,NA,NA,0,reduced price meals,11,10,1.05,1.05,2.64,4,3
319,KFC,0,NJ,Southern NJ,1,2,0,11,3,4.62,2.5,0.12,1,NA,reduced price meals,10.5,12.5,1.06,0.85,3.95,NA,NA,phone,completed,9/16/74,NA,22,4,3,5.05,13,0.25,1,free meals,10.5,11.5,0.95,0.9,2.43,4,3
57,Wendys,1,PA,Southeastern PA,0,0,30,10,3,4.67,26,0.07,1,70,reduced price meals,10,12,0.87,0.79,0.9,2,2,phone,completed,4/4/75,1,7,18,4,4.5,26,0.13,1,reduced price meals,10,12,1.01,0.78,0.9,2,2
307,Roy Rogers,1,NJ,Northern NJ,0,0,17.5,17.5,4,4.25,15,0.5,0,90,reduced price meals,6,18,1.19,1.19,1.06,5,5,phone,completed,5/8/76,1,25,25,6,5.2,NA,NA,0,reduced price meals,0,24,1.26,NA,1.05,5,5
166,Wendys,0,NJ,Northern NJ,0,0,8,32,5,4.75,26,0.25,1,40,reduced price meals,10.5,11.5,0.95,0.85,1.06,2,2,phone,completed,12/25/74,1,0,35,4,5.05,26,0.18,0,reduced price meals,10.5,12.5,1.11,0.84,1.26,2,2
70,Burger King,0,NJ,Northern NJ,0,0,35,20,5,4.5,13,0.27,0,50,free meals,7,16,1.06,0.95,1.02,3,3,phone,completed,2/28/74,NA,10,30,5,5.05,4,0.23,NA,free meals,7,16,1.05,0.95,1.01,3,3
238,KFC,1,NJ,Northern NJ,0,2,0,22,3,4.75,9,0.12,0,100,free meals,11,12,1.06,1.02,2.34,5,3,phone,completed,6/8/74,NA,25,15,5,5.05,13,0.25,1,free meals,11,12,1.05,1.05,2.32,5,3
88,Burger King,0,NJ,Southern NJ,0,0,3,35,3,4.25,NA,NA,1,75,free and reduced price meals,7,15,1.06,0.87,0.91,5,5,personal,completed,9/25/03,2,4,37,4,5.05,42,0.18,0,reduced price meals,7,15,1.05,0.87,0.94,5,2
476,Burger King,0,PA,Southeastern PA,0,2,6,30,3,4.25,52,0.12,0,60,reduced price meals,6,18,0.95,0.79,0.91,3,3,phone,completed,1/29/76,1,5,30,3,4.75,52,0.2,0,reduced price meals,6,18,0.96,0.84,1.18,3,3
116,Burger King,0,NJ,Central NJ,0,0,4,22.5,2,4.25,18,0.37,0,90,reduced price meals,8.5,13,1.49,1.02,1.11,7,3,phone,completed,2/28/74,NA,22,12,3,5.05,13,0.45,1,reduced price meals,8.5,13,1.39,0.95,1.21,8,2
107,Burger King,1,NJ,Northern NJ,0,0,6,11,3,4.25,8,0.32,0,40,free meals,8,14.5,1.17,0.95,0.95,3,3,personal,completed,1/7/07,9,13.5,10,2,5.05,NA,NA,0,free meals,8,14,NA,1.01,1,4,2
32,Roy Rogers,0,NJ,Northern NJ,0,0,10,20.5,3,4.5,26,0.25,0,40,reduced price meals,10.5,11.5,1.12,1.02,1.06,4,3,phone,completed,1/29/76,1,2,25,3,5.05,26,0.23,0,reduced price meals,10.5,11.5,1.22,1.11,2.28,4,4
76,Roy Rogers,1,NJ,Northern NJ,0,0,8,32,4,4.25,26,0.2,0,50,reduced price meals,6,17,1.12,1.02,1.02,6,3,phone,completed,12/25/74,NA,25,15,6,5.05,13,0.15,1,reduced price meals,6.5,16.5,1.11,1.06,1.05,6,3
140,Wendys,0,NJ,Central NJ,0,0,0,40,3,4.5,26,0.37,1,25,reduced price meals,10.5,11.5,0.91,0.86,1.06,2,2,phone,completed,4/4/75,NA,5,35,5,5.67,4,0.25,1,reduced price meals,10.5,11.5,1,0.94,1.05,2,2
250,KFC,1,NJ,Southern NJ,1,2,1,4,2,4.5,13,0.3,0,100,free meals,11,10,0.85,NA,NA,4,1,phone,completed,9/16/74,NA,2,4,3,5.05,6,0.25,0,free meals,11,10,0.94,0.84,2.52,5,3
373,Burger King,1,NJ,Northern NJ,0,0,14,12,4,5,4,0.25,0,100,reduced price meals,6.5,15.5,1.01,0.95,1.03,6,3,phone,completed,5/4/73,NA,18,15,4,5.05,13,0.25,1,reduced price meals,6.5,15.5,1.1,0.94,1.02,6,5
383,Burger King,0,NJ,Northern NJ,0,3,6,4,2,4.5,26,0.25,0,30,free meals,7,16,1.15,0.95,0.95,2,2,phone,completed,5/8/76,2,7,2,2,5.05,26,0.38,0,free meals,7,16,1.16,1.01,1.05,2,2
34,Roy Rogers,1,NJ,Northern NJ,0,0,5,15,3,4.95,26,NA,0,75,reduced price meals,10.5,11.5,1.12,1.02,1.06,5,3,phone,completed,12/25/74,NA,11,7,3,5.05,26,0.5,0,reduced price meals,10.5,11.5,1.22,1.11,0.73,5,2
137,Roy Rogers,1,NJ,Northern NJ,0,3,15,25,3,4.25,26,0.15,0,50,reduced price meals,6,16,1.12,1.06,1.02,6,4,phone,completed,10/21/75,1,12,30,5,5.05,26,0.25,0,reduced price meals,7,15,1.11,1.11,1.05,5,3
83,Wendys,0,NJ,Northern NJ,0,2,12.5,20,2,5,13,0.25,0,11,reduced price meals,10.5,13.5,1.06,0.98,2.13,2,2,phone,completed,1/29/76,2,NA,NA,4,5.05,26,0.5,0,reduced price meals,10,14,1.11,0.89,0.99,2,2
330,Wendys,0,NJ,Southern NJ,1,0,4,16,3,5.42,13,0.12,1,0,free meals,10.5,15.5,1.01,0.86,0.95,2,2,phone,completed,12/25/74,NA,3,20,3,5.67,52,0.25,0,free meals,10.5,14.5,0.94,0.79,1.26,2,2
291,Wendys,0,NJ,Southern NJ,0,0,4,20,3,4.55,16,0.12,0,25,free meals,10.5,11.5,0.95,0.86,0.95,2,2,phone,completed,12/25/74,NA,5,16,3,5.1,17,0.1,1,reduced price meals,10.5,11.5,1,0.85,0.94,2,2
118,Burger King,0,NJ,Northern NJ,0,3,10,15,4,4.25,26,0.15,0,70,reduced price meals,7,15,1.06,0.95,1.01,4,2,phone,completed,10/21/75,NA,18,20,3,5.05,26,0.38,0,reduced price meals,7,15,1.05,0.94,1,4,2
22,Roy Rogers,0,NJ,Southern NJ,0,2,3,15,4,4.35,26,0.12,0,90,reduced price meals,7,16,1.06,0.84,0.95,4,1,phone,completed,10/16/72,NA,3,15,2,5.05,19,0.13,0,reduced price meals,7,15,1.05,1.05,0.94,4,4
462,Roy Rogers,1,PA,Northeastern PA,0,0,2.5,20,3,5,13,0.37,1,5,reduced price meals,9,12.5,1.05,1.01,1.11,4,4,personal,completed,10/29/04,1,1,25,4,4.75,13,0.2,0,reduced price meals,9,12,1.01,1.01,0.89,6,3
242,Roy Rogers,1,NJ,Northern NJ,0,0,25,10,3,5.25,13,0.25,1,0,reduced price meals,6,17,1.1,1.02,1.06,5,4,phone,completed,6/8/74,NA,12,10,3,5.05,8,0.2,1,reduced price meals,7,16,1.11,1.06,1.05,6,4
515,Roy Rogers,1,PA,Northeastern PA,0,0,7,16,4,5,13,0.2,0,33,reduced price meals,6,16,1.05,0.94,1.16,5,3,phone,completed,6/8/74,NA,5,19,3,4.75,13,0.18,0,reduced price meals,6,16,1.01,1.01,0.94,5,4
232,Burger King,0,NJ,Northern NJ,0,3,18,6,3,4.75,26,0.12,1,46,free and reduced price meals,7,16,1.06,0.95,0.95,3,3,phone,completed,5/8/76,3,18,10,4,5.05,13,0.25,0,reduced price meals,7,15,1.05,0.95,0.95,3,2
162,Roy Rogers,1,NJ,Northern NJ,0,2,0,40,3,4.75,26,0.17,0,45,reduced price meals,6,16.5,1.12,1.02,1.06,NA,1,phone,completed,9/16/74,NA,3,30,3,5.05,26,0.18,0,reduced price meals,7,15.5,1.11,1.01,1.05,6,5
259,Burger King,0,NJ,Southern NJ,0,0,13,12,4,5,4,0.25,0,50,reduced price meals,7.5,14.5,1.02,0.85,0.85,3,3,phone,completed,11/20/73,NA,15,15,4,5.05,NA,NA,0,reduced price meals,7.5,14.5,1.05,NA,0.84,3,3
119,Burger King,0,NJ,Northern NJ,0,2,12,19,3,4.75,13,0.27,1,50,free and reduced price meals,6.5,16.5,1.06,0.91,0.95,3,3,phone,completed,10/21/75,1,18,13,4,5.05,26,NA,0,free and reduced price meals,6.5,17.5,1.05,0.89,0.95,3,3
68,Burger King,0,NJ,Northern NJ,0,1,30,10,3,4.25,14,0.05,0,NA,free and reduced price meals,7,17,1.07,1.02,1.02,3,3,phone,completed,2/28/74,NA,13,17,3,5.05,13,0.28,0,free and reduced price meals,7,17,1.05,0.95,0.95,3,1
82,Wendys,0,NJ,Northern NJ,0,6,8,14.5,3,5,13,0.37,1,0,reduced price meals,10.5,13.5,1.06,1.03,1.06,2,2,phone,completed,4/4/75,NA,25,8,4,5.05,13,0.18,1,reduced price meals,10.5,13.5,1.11,0.98,1.05,2,2
51,KFC,0,PA,Southeastern PA,0,1,0,15,3,4.25,NA,0.15,0,100,reduced price meals,10,13,1.01,0.89,2.35,4,3,phone,completed,1/29/76,2,6,15,3,4.25,NA,NA,0,reduced price meals,10,13,1,0.89,2.35,5,3
56,Wendys,1,PA,Southeastern PA,0,0,20,20,4,5,26,0.1,1,0,reduced price meals,10,12,0.87,0.82,1.79,2,2,phone,completed,4/4/75,NA,0,36,2,5.25,26,0.15,0,reduced price meals,10,12,0.92,0.79,0.87,2,2
364,KFC,0,NJ,Southern NJ,0,3,3.5,20,3,4.25,13,0.12,1,NA,reduced price meals,11,12,0.95,0.85,2.45,4,4,phone,completed,4/4/75,NA,1,30,4,5.05,52,0.25,0,free meals,10.5,12.5,1.05,0.84,2.43,5,3
499,Wendys,1,PA,Northeastern PA,0,0,0,28,5,5,26,0.07,1,11,reduced price meals,10,12,0.9,0.69,1.75,2,2,phone,completed,4/4/75,1,0,31,5,5,26,0.1,1,reduced price meals,10,12,0.9,0.69,0.94,2,2
396,Roy Rogers,1,NJ,Northern NJ,0,1,24,16,4,4.87,9,0.37,0,10,reduced price meals,6,17,1.27,1.07,2.13,5,3,phone,completed,6/8/74,NA,8,30,3,5.4,26,0.1,0,reduced price meals,7,16,1.11,1.05,1.05,5,3
129,Roy Rogers,0,NJ,Central NJ,0,3,20,20,3,5.25,26,0.05,0,0,reduced price meals,6,16,1.1,1,0.74,6,4,phone,completed,12/25/74,NA,7,18,4,5.05,52,0.25,0,reduced price meals,6,16,1.11,1,0.89,4,3
136,Roy Rogers,1,NJ,Central NJ,0,2,14.5,14.5,5,4.25,21,0.27,0,5,reduced price meals,6,17,1.12,1.07,1.1,5,4,personal,refused,3/9/03,3,NA,NA,NA,NA,NA,NA,NA,NA,7,16,NA,NA,NA,NA,NA
19,Burger King,0,NJ,Southern NJ,0,3,4,31,4,4.25,4,0.25,0,50,reduced price meals,6,16,1.05,0.91,0.93,3,3,phone,completed,10/16/72,NA,6,44,5,5.05,52,0.3,0,reduced price meals,6,16,1.04,0.93,0.95,2,2
231,Burger King,0,NJ,Northern NJ,0,1,NA,10,3,NA,26,NA,0,NA,reduced price meals,7,16,1.02,1.02,0.95,2,2,phone,completed,2/28/74,NA,16,6,4,5.05,4,0.25,0,free meals,7,16,0.9,0.95,0.95,3,1
111,Roy Rogers,0,NJ,Northern NJ,0,0,17,14,3,4.25,2,0.42,0,55,free and reduced price meals,7,16,1.17,1.06,1.01,5,5,phone,completed,5/8/76,1,20,14.5,3,5.05,26,NA,0,reduced price meals,7,16,1.16,1.16,1,5,4
159,KFC,0,NJ,Northern NJ,0,8,6,12,2,4.5,4,0.12,0,22,free meals,10.5,10.5,0.98,0.85,2.34,3,3,phone,completed,4/4/75,NA,10,5,4,5.25,13,0.25,0,free meals,10.5,11.5,0.95,0.84,2.49,4,3
418,Burger King,0,NJ,Northern NJ,0,2,30,15,4,4.25,26,0.1,1,10,reduced price meals,8,15,1.02,1.01,0.52,4,3,phone,completed,11/20/73,NA,0,35,4,5.05,26,0.15,0,reduced price meals,7,16,1.03,0.9,0.59,3,3
189,Roy Rogers,0,NJ,Northern NJ,0,0,4,15,3,4.75,39,0.2,0,95,reduced price meals,7,15,1.12,1.07,1.12,4,2,phone,completed,9/16/74,NA,0,19,3,5.05,52,0.2,0,reduced price meals,7,15,1.11,1.06,1.05,5,3
96,KFC,0,NJ,Northern NJ,0,2,0,15,2,4.25,26,0.12,0,80,reduced price meals,11.5,10,1.06,1.01,2.66,3,2,phone,completed,5/8/76,3,0,15,5,5.05,26,0.15,0,reduced price meals,11.5,10.5,1.05,0.94,2.59,4,0
501,Burger King,0,PA,Northeastern PA,0,0,14,15,3,4.25,4,0.37,1,63,reduced price meals,6.5,16.5,0.84,0.84,0.94,3,3,phone,completed,1/29/76,2,30,15,6,4.75,4,0.35,1,free meals,6,18,1.03,0.91,0.91,3,3
195,Wendys,0,NJ,Northern NJ,1,3,0,30,3,4.25,26,NA,1,100,reduced price meals,10.5,11.5,1.06,0.85,1.06,2,2,phone,completed,5/8/76,2,8,25,3,5.05,26,0.15,0,reduced price meals,10.5,12.5,0.94,0.84,2.11,2,2
12,Burger King,0,NJ,Central NJ,0,0,6.5,23.5,3,4.37,9,0.1,0,100,reduced price meals,7,16,1.05,0.79,0.91,3,3,phone,completed,5/8/76,3,15,15,4,5.05,26,0.25,0,free and reduced price meals,7,16,1.01,0.92,0.94,3,2
213,Burger King,1,NJ,Southern NJ,0,1,4.5,20,4,4.55,4,0.15,0,50,reduced price meals,6.5,17.5,0.96,0.93,0.93,4,3,personal,completed,9/25/03,2,12,17.5,4,5.05,19,0.15,1,reduced price meals,6.5,17.5,1.05,0.94,0.94,4,3
289,Roy Rogers,1,NJ,Southern NJ,0,2,2,12,2,4.25,13,0.2,0,50,reduced price meals,6,16,1.02,0.95,0.95,5,3,phone,completed,9/16/74,NA,3,10,2,5.05,26,0.25,0,reduced price meals,7,15,1.01,1.01,2,6,3
91,Burger King,1,NJ,Central NJ,1,2,8,22,4,4.25,8,0.15,0,100,reduced price meals,7,17,1.09,0.93,1.04,3,3,phone,completed,1/29/76,1,0,30,4,5.05,26,0.18,0,free meals,7,17,1.11,1.05,1.05,3,3
150,Burger King,0,NJ,Northern NJ,0,2,0,27.5,3.5,4.67,26,0.27,1,2,reduced price meals,7,16,1.23,0.89,0.89,3,3,personal,completed,4/17/07,8,12,20,3,5.75,28,0.58,0,reduced price meals,7,15,1.11,0.88,0.88,3,2
243,Roy Rogers,1,NJ,Northern NJ,0,0,7,25,3,4.5,8,0.25,0,40,reduced price meals,6,16.5,1.07,1.02,0.74,6,3,phone,completed,6/8/74,NA,7,22,3,5.05,26,0.1,0,reduced price meals,7,15.5,1.11,1.06,1.05,6,2
221,KFC,0,NJ,Southern NJ,0,0,1,28,3,4.6,13,0.25,0,95,free meals,11,11,1.02,0.95,2.56,4,3,phone,completed,6/8/74,NA,1,15,3,5.05,13,0.15,0,free meals,11,11,1.05,0.94,2.53,4,3
455,KFC,1,PA,Northeastern PA,0,0,2,8,5,5.25,13,0.25,0,0,free meals,11,10,0.73,0.73,2.32,2,2,phone,completed,9/16/74,NA,3,12,2,5,13,0.25,0,reduced price meals,11,11,0.94,0.84,2.32,4,3
317,Burger King,0,NJ,Southern NJ,1,3,0,8,2,4.25,13,0.17,0,100,free meals,8,12,1.22,0.93,0.96,3,1,phone,completed,1/29/76,1,4,0,3,5.05,8,0.13,0,free meals,8,10.5,1.26,1.05,1.05,2,1
241,Roy Rogers,0,NJ,Northern NJ,0,2,15,25,4,5,13,0.37,1,30,reduced price meals,7,16,1.12,1.02,1.06,5,5,phone,completed,6/8/74,1,15,NA,4,5.05,26,0.1,0,reduced price meals,7,16,1.15,1.05,1.05,5,5
235,Burger King,0,NJ,Northern NJ,0,2,5,17,1,4.25,26,0.21,0,100,reduced price meals,7,16,1.02,0.95,1.04,3,2,personal,completed,11/29/02,4,NA,28,3,5.05,28,0.5,1,reduced price meals,8,15,1.11,1.11,1.03,4,2
375,Burger King,0,NJ,Northern NJ,0,3,25,10,4,5.25,26,0.25,1,0,free meals,7,15,1.02,0.8,NA,4,2,phone,completed,10/21/75,1,0,25,4,5.5,26,0.1,1,free meals,7,15,1.05,0.94,1.01,3,3
271,KFC,1,NJ,Southern NJ,0,3,0,13,2,5,13,0.1,0,38,reduced price meals,11,11,1.02,0.79,2.34,4,2,phone,completed,1/29/76,1,0,15,3,5.05,8,0.1,0,reduced price meals,11,12,0.9,0.73,2.28,4,3
435,Burger King,0,PA,Southeastern PA,0,1,1,37.5,3,4.25,4,0.17,1,25,reduced price meals,6.5,15.5,0.95,0.75,0.79,3,3,phone,completed,5/4/73,NA,0,32,5,4.25,6,0.15,1,reduced price meals,6.5,15.5,0.94,0.74,0.79,3,2
36,Wendys,0,NJ,Central NJ,0,0,8,12,4,5.5,30,0.17,1,0,reduced price meals,10.5,13,1.02,0.91,2.57,2,2,phone,completed,4/4/75,NA,10,35,6,5.05,26,0.15,1,reduced price meals,10.5,12.5,0.95,0.89,1.19,2,2